time_stamp, accel_x, accel_y, accel_z, linear_x, linear_y, linear_z, gravity_x, gravity_y, gravity_z, quat_w, quat_x, quat_y, quat_z, gyro_x, gyro_y, gyro_z, altitude, temperature, pressure, gps_nmea
124,1.58,24.28,100823.47,-0.08,-0.17,-0.46,-2.15,0.86,9.52,0.05,0.11,-0.02,0.99,-10.81,13.62,-9.75,1.58,24.28,100823.47,
108,1.58,27.91,100822.44,0.04,-0.13,-0.02,-2.40,0.78,9.47,0.04,0.12,-0.02,0.99,-11.88,-1.50,1.87,1.58,27.91,100822.44,
92,1.58,27.92,100820.78,-0.09,-0.12,-0.71,-2.37,0.74,9.48,0.04,0.12,-0.02,0.99,8.19,0.00,0.31,1.58,27.92,100820.78,
77,1.58,27.93,100820.02,0.15,-0.12,0.07,-2.39,0.80,9.47,0.04,0.12,-0.02,0.99,0.06,0.06,-0.88,1.58,27.93,100820.02,
64,1.58,27.94,100820.45,0.01,-0.11,0.50,-2.22,0.72,9.52,0.04,0.11,-0.02,0.99,2.94,-12.25,-1.81,1.58,27.94,100820.45,
51,1.58,27.94,100819.48,0.24,-0.14,0.14,-1.69,0.77,9.62,0.04,0.08,-0.05,0.99,6.75,-8.13,-23.69,1.58,27.94,100819.48,
36,1.58,27.94,100819.23,0.62,0.04,0.23,-1.15,1.26,9.65,0.07,0.05,-0.10,0.99,14.56,-29.69,-46.00,1.58,27.94,100819.23,
20,1.58,27.95,100820.10,-0.05,0.05,-0.19,-0.63,1.31,9.69,0.07,0.02,-0.13,0.99,-9.06,-13.50,-1.44,1.58,27.95,100820.10,
5,1.58,27.95,100819.89,0.06,0.66,0.70,0.24,0.51,9.79,0.02,-0.02,-0.18,0.98,-35.63,-28.75,-27.44,1.58,27.95,100819.89,
246,1.58,27.95,100820.34,0.35,-0.47,0.19,0.94,-0.64,9.73,-0.04,-0.04,-0.23,0.97,-26.94,-30.69,-6.25,1.58,27.95,100820.34,
235,1.58,27.95,100819.58,0.05,0.30,-0.16,1.10,-0.68,9.72,-0.05,-0.04,-0.28,0.96,-5.31,-15.56,-12.37,1.58,27.95,100819.58,
221,1.58,27.95,100818.78,-0.04,0.07,-0.39,0.79,-0.61,9.75,-0.04,-0.03,-0.30,0.95,1.19,12.88,-7.75,1.58,27.95,100818.78,,1000*1D

205,1.58,27.95,100818.05,0.18,-0.08,-0.04,0.94,-0.60,9.74,-0.04,-0.04,-0.30,0.95,-0.25,-2.87,1.75,1.58,27.95,100818.05,,1000*1D

190,1.58,27.95,100818.21,0.03,-0.10,-0.11,0.86,-0.56,9.75,-0.04,-0.03,-0.30,0.95,-0.62,3.75,0.81,1.58,27.95,100818.21,,1000*1D

174,1.58,27.95,100819.37,0.28,-0.09,-0.02,1.00,-0.47,9.74,-0.04,-0.04,-0.29,0.95,-1.06,18.87,-2.62,1.58,27.95,100819.37,,1000*1D

162,1.58,27.95,100819.66,0.01,-0.04,-0.46,1.17,-0.33,9.72,-0.03,-0.05,-0.30,0.95,-4.50,0.75,-3.56,1.58,27.95,100819.66,,1000*1D

149,1.58,27.95,100819.45,0.23,-0.01,-0.03,1.03,-0.37,9.74,-0.03,-0.04,-0.31,0.95,-2.25,5.69,1.19,1.58,27.95,100819.45,,1000*1D

135,1.58,27.95,100819.14,0.00,-0.01,-0.06,-1.02,0.51,9.73,0.04,0.04,-0.31,0.95,23.25,87.69,-3.06,1.58,27.95,100819.14,,1000*1D

120,1.58,27.95,100820.26,0.05,0.08,-0.03,-2.92,1.00,9.30,0.10,0.13,-0.31,0.94,-0.69,-1.31,4.25,1.58,27.95,100820.26,,1000*1D

104,1.58,27.95,100820.03,0.17,-0.20,0.06,-2.90,0.92,9.32,0.09,0.13,-0.31,0.94,-0.94,-0.31,2.00,1.58,27.95,100820.03,,1000*1D

88,1.58,27.96,100820.73,0.02,-0.14,-0.03,-2.99,0.88,9.29,0.09,0.13,-0.31,0.94,-0.37,5.19,0.00,1.58,27.96,100820.73,,1000*1D

74,1.58,27.96,100820.68,0.03,-0.11,-0.11,-3.02,0.86,9.28,0.09,0.13,-0.30,0.94,-0.50,-1.62,1.75,1.58,27.96,100820.68,,1000*1D

61,1.58,27.96,100819.56,0.12,-0.04,0.06,-2.93,0.86,9.31,0.09,0.13,-0.30,0.94,-0.06,-0.31,-0.06,1.58,27.96,100819.56,,1000*1D

48,1.58,27.96,100819.83,0.04,-0.10,-0.08,-2.91,0.85,9.32,0.09,0.13,-0.30,0.94,-0.25,-4.12,1.19,1.58,27.96,100819.83,,1000*1D

32,1.58,27.96,100819.11,0.06,-0.06,-0.05,-2.84,0.86,9.34,0.09,0.13,-0.30,0.94,0.75,2.62,-1.25,1.58,27.96,100819.11,,1000*1D

18,1.58,27.96,100819.77,-0.01,-0.04,0.02,-2.87,0.85,9.33,0.09,0.13,-0.30,0.94,-0.19,-0.56,-0.50,1.58,27.96,100819.77,,1000*1D

2,1.58,27.96,100819.84,0.01,-0.07,-0.06,-2.86,0.84,9.33,0.09,0.13,-0.30,0.94,0.25,0.00,0.19,1.58,27.96,100819.84,,1000*1D

246,1.58,27.97,100819.97,-0.07,-0.06,-0.13,-2.86,0.84,9.34,0.09,0.13,-0.30,0.94,-0.31,-1.87,0.44,1.58,27.97,100819.97,,1000*1D

232,1.58,27.97,100820.59,-0.31,0.24,-0.70,-1.65,0.98,9.61,0.07,0.07,-0.29,0.95,-0.19,-75.75,11.63,1.58,27.97,100820.59,,1000*1D

218,1.58,27.97,100821.09,-0.45,-0.03,-0.06,0.84,1.21,9.69,0.05,-0.06,-0.29,0.95,6.00,-64.50,17.06,1.58,27.97,100821.09,,1000*1D

204,1.58,27.97,100821.13,0.40,-0.70,0.71,2.36,1.55,9.38,0.05,-0.14,-0.24,0.96,12.50,-13.19,23.25,1.58,27.97,100821.13,,1000*1D

188,1.58,27.96,100821.43,-0.73,0.43,-0.28,2.70,1.30,9.33,0.05,-0.15,-0.15,0.98,8.50,3.12,41.50,1.58,27.96,100821.43,,1000*1D

172,1.58,27.96,100821.89,0.36,0.00,0.05,2.79,1.29,9.31,0.06,-0.15,-0.05,0.99,15.38,15.19,52.75,1.58,27.96,100821.89,,1000*1D

163,1.58,27.96,100821.28,0.37,0.13,-0.10,2.35,1.28,9.43,0.07,-0.12,0.05,0.99,23.31,-14.25,49.88,1.58,27.96,100821.28,,1000*1D

148,1.58,27.96,100821.21,-0.61,1.53,-0.92,2.33,1.07,9.46,0.07,-0.11,0.12,0.98,-27.13,-4.25,9.25,1.58,27.96,100821.21,,1000*1D

137,1.58,27.96,100820.84,0.28,-0.12,0.44,2.78,0.86,9.36,0.06,-0.14,0.08,0.99,12.19,3.44,-19.69,1.58,27.96,100820.84,,1000*1D

123,1.58,27.96,100821.00,0.18,-0.15,-0.14,2.18,1.35,9.46,0.07,-0.11,0.04,0.99,10.81,16.19,-20.06,1.58,27.96,100821.00,,33,1*6C1000*1D

107,1.58,27.95,100821.43,-0.51,0.20,-0.04,1.87,1.65,9.48,0.09,-0.10,0.01,0.99,3.25,7.81,-10.31,1.58,27.95,100821.43,,33,1*6C1000*1D

92,1.58,27.95,100821.64,0.06,0.30,-0.14,1.60,1.79,9.50,0.03,-0.12,-0.56,0.82,-1.56,2.75,2.81,1.58,27.95,100821.64,,33,1*6C1000*1D

76,1.58,27.95,100822.20,0.06,0.02,-0.07,1.43,1.79,9.53,0.03,-0.11,-0.56,0.82,-0.56,3.00,-0.13,1.58,27.95,100822.20,,33,1*6C1000*1D

61,1.58,27.95,100821.87,0.02,0.09,-0.08,1.35,1.78,9.54,0.04,-0.11,-0.56,0.82,0.13,0.50,0.69,1.58,27.95,100821.87,,33,1*6C1000*1D

47,1.58,27.95,100821.44,-0.02,0.04,-0.07,1.31,1.81,9.54,0.04,-0.11,-0.56,0.82,1.19,2.00,-0.19,1.58,27.95,100821.44,,33,1*6C1000*1D

35,1.58,27.95,100821.00,-0.10,0.13,-0.04,1.18,1.85,9.55,0.04,-0.10,-0.56,0.82,0.94,0.56,0.37,1.58,27.95,100821.00,,33,1*6C1000*1D

19,1.58,27.95,100820.34,0.02,-0.18,-0.23,1.19,1.84,9.55,0.04,-0.10,-0.56,0.82,-0.31,0.75,2.25,1.58,27.95,100820.34,,33,1*6C1000*1D

4,1.58,27.95,100820.30,-0.01,0.05,-0.08,1.23,1.86,9.54,0.04,-0.11,-0.55,0.83,0.62,0.00,-4.06,1.58,27.95,100820.30,,33,1*6C1000*1D

245,1.58,27.95,100820.54,0.70,1.37,2.46,0.33,1.87,9.61,0.07,-0.07,-0.55,0.83,-9.75,108.56,-22.75,1.58,27.95,100820.54,,33,1*6C1000*1D

231,1.58,27.95,100820.35,0.45,-1.01,1.91,-4.31,0.27,8.80,0.15,0.17,-0.60,0.77,-34.81,23.25,-10.81,1.58,27.95,100820.35,,33,1*6C1000*1D

218,1.58,27.95,100819.69,0.58,-0.06,-0.36,-5.25,-0.80,8.23,0.14,0.25,-0.59,0.76,-32.44,11.44,-3.69,1.58,27.95,100819.69,,33,1*6C1000*1D

205,1.58,27.95,100818.99,0.19,-0.19,-0.78,-5.46,-1.51,7.99,0.11,0.28,-0.56,0.77,-14.31,4.12,3.94,1.58,27.95,100818.99,,33,1*6C1000*1D

189,1.58,27.95,100819.05,0.00,-0.23,-0.17,-5.06,-1.93,8.17,0.07,0.28,-0.55,0.78,-5.00,-5.19,-2.25,1.58,27.95,100819.05,,33,1*6C1000*1D

174,1.58,27.95,100819.87,-0.01,0.16,0.07,-5.00,-2.00,8.19,0.07,0.28,-0.55,0.78,-4.12,-4.12,1.50,1.58,27.95,100819.87,,33,1*6C1000*1D

158,1.58,27.95,100819.55,-0.03,0.05,-0.16,-4.77,-2.23,8.27,0.05,0.28,-0.55,0.79,-19.37,-16.62,-3.25,1.58,27.95,100819.55,,33,1*6C1000*1D

144,1.58,27.94,100819.02,0.27,0.00,0.13,-4.39,-3.08,8.20,-0.00,0.29,-0.54,0.79,-31.81,-14.06,5.44,1.58,27.94,100819.02,,33,1*6C1000*1D

132,1.58,27.94,100818.75,0.18,0.04,0.04,-4.15,-4.39,7.72,-0.09,0.31,-0.49,0.81,-31.37,-6.06,4.37,1.58,27.94,100818.75,,33,1*6C1000*1D

118,1.58,27.94,100817.84,-0.21,0.36,0.09,-4.04,-4.67,7.61,-0.11,0.32,-0.47,0.82,-0.94,1.06,-1.37,1.58,27.94,100817.84,,33,1*6C1000*1D

102,1.58,27.93,100818.67,0.02,0.27,-0.15,-4.01,-4.66,7.63,-0.11,0.31,-0.47,0.82,9.50,-2.56,0.06,1.58,27.93,100818.67,,33,1*6C1000*1D

87,1.58,27.93,100818.59,0.00,0.21,-0.21,-4.58,-4.17,7.59,-0.06,0.33,-0.49,0.81,18.62,25.19,-2.06,1.58,27.93,100818.59,,MTKGPS*08

71,1.58,27.93,100818.94,0.00,0.01,-0.09,-5.08,-3.76,7.49,-0.03,0.34,-0.50,0.80,25.12,24.37,3.75,1.58,27.93,100818.94,,MTKGPS*08

55,1.58,27.93,100819.13,0.09,0.05,0.08,-5.36,-3.48,7.43,-0.01,0.35,-0.50,0.79,0.88,-5.25,2.31,1.58,27.93,100819.13,,MTKGPS*08

42,1.58,27.93,100819.13,-0.03,-0.07,-0.14,-5.30,-3.41,7.50,-0.00,0.34,-0.50,0.80,1.00,4.31,0.75,1.58,27.93,100819.13,,MTKGPS*08

30,1.58,27.93,100820.18,-0.04,-0.01,-0.17,-5.32,-3.37,7.50,-0.00,0.34,-0.50,0.80,0.13,-0.37,0.00,1.58,27.93,100820.18,,MTKGPS*08

15,1.58,27.94,100820.31,0.02,-0.07,-0.23,-5.33,-3.38,7.49,-0.00,0.34,-0.50,0.80,-0.37,-0.44,0.75,1.58,27.94,100820.31,,MTKGPS*08

0,1.58,27.94,100820.54,0.08,-0.02,-0.09,-5.36,-3.39,7.47,-0.00,0.34,-0.50,0.79,0.88,2.81,-2.12,1.58,27.94,100820.54,,MTKGPS*08

240,1.58,27.94,100820.34,0.04,-0.02,-0.15,-5.38,-3.40,7.45,-0.00,0.35,-0.50,0.79,0.75,1.19,0.37,1.58,27.94,100820.34,,MTKGPS*08

225,1.58,27.94,100820.66,0.00,-0.06,-0.01,-5.39,-3.39,7.45,0.00,0.35,-0.50,0.79,-0.62,0.37,-0.50,1.58,27.94,100820.66,,MTKGPS*08

212,1.58,27.94,100820.20,-0.01,-0.08,-0.11,-5.42,-3.38,7.43,0.00,0.35,-0.50,0.79,0.75,2.50,-0.69,1.58,27.94,100820.20,,MTKGPS*08

202,1.58,27.93,100819.73,0.08,-0.07,0.09,-5.27,-3.20,7.62,0.01,0.33,-0.51,0.80,16.75,-12.69,0.06,1.58,27.93,100819.73,,MTKGPS*08

188,1.58,27.93,100819.87,-0.10,-0.10,-0.51,-5.01,-2.99,7.87,0.01,0.31,-0.51,0.80,0.25,-15.13,1.12,1.58,27.93,100819.87,,MTKGPS*08

173,1.58,27.93,100820.42,0.76,-0.03,1.30,-1.88,-3.06,9.12,-0.09,0.16,-0.49,0.85,1.44,-46.88,1.62,1.58,27.93,100820.42,,MTKGPS*08

157,1.58,27.93,100821.20,0.07,0.00,-0.06,-1.37,-3.06,9.21,-0.10,0.14,-0.49,0.85,-0.44,-13.38,0.56,1.58,27.93,100821.20,,MTKGPS*08

144,1.58,27.93,100821.44,-0.14,0.09,-0.10,-1.12,-3.00,9.26,-0.11,0.13,-0.49,0.86,1.81,-6.50,0.37,1.58,27.93,100821.44,,MTKGPS*08

130,1.58,27.93,100822.57,0.19,0.03,0.14,-0.80,-2.94,9.31,-0.11,0.11,-0.49,0.86,-0.69,-11.94,0.44,1.58,27.93,100822.57,,MTKGPS*08

114,1.58,27.93,100822.28,-0.10,0.12,-0.10,-0.44,-2.91,9.35,-0.12,0.09,-0.49,0.86,0.37,-14.63,2.75,1.58,27.93,100822.28,,MTKGPS*08

99,1.58,27.93,100821.54,0.02,-0.01,-0.01,-0.12,-2.88,9.37,-0.13,0.08,-0.48,0.86,0.06,-4.87,-0.06,1.58,27.93,100821.54,,MTKGPS*08

83,1.58,27.93,100821.39,-0.08,0.12,-0.05,0.00,-2.85,9.38,-0.13,0.07,-0.48,0.86,0.50,-3.62,0.56,1.58,27.93,100821.39,,002*2D

67,1.58,27.93,100821.01,-0.03,0.06,-0.01,0.08,-2.82,9.38,-0.13,0.07,-0.48,0.86,0.13,-1.37,-0.25,1.58,27.93,100821.01,,002*2D

54,1.58,27.93,100820.98,0.00,0.10,-0.06,0.10,-2.81,9.39,-0.13,0.07,-0.48,0.86,0.56,0.13,0.06,1.58,27.93,100820.98,,002*2D

41,1.58,27.93,100821.78,0.00,0.05,0.01,0.12,-2.80,9.39,-0.13,0.06,-0.48,0.87,0.00,-0.56,0.37,1.58,27.93,100821.78,,002*2D

26,1.58,27.93,100822.76,0.01,0.12,0.12,0.11,-2.80,9.39,-0.13,0.07,-0.48,0.86,0.06,0.13,-0.13,1.58,27.93,100822.76,,002*2D

11,1.58,27.93,100823.82,0.14,0.28,0.24,0.11,-2.74,9.41,-0.13,0.06,-0.49,0.86,5.19,3.50,-8.63,1.58,27.93,100823.82,,002*2D

251,1.58,27.94,100823.95,0.53,1.17,0.56,-0.06,-1.94,9.61,-0.08,0.06,-0.57,0.82,29.75,-6.06,-74.19,1.58,27.94,100823.95,,002*2D

235,1.58,27.94,100822.52,0.36,0.70,0.39,-1.60,-0.22,9.67,0.05,0.06,-0.73,0.68,72.19,40.19,-116.62,1.58,27.94,100822.52,,002*2D

221,1.58,27.93,100821.88,1.96,-0.68,0.96,-2.40,1.07,9.44,0.13,0.01,-0.86,0.50,5.44,-23.81,-42.31,1.58,27.93,100821.88,,002*2D

209,1.58,27.93,100821.76,0.48,-0.02,0.12,0.50,-1.00,9.74,-0.05,0.03,-0.84,0.53,-32.44,-105.69,42.31,1.58,27.93,100821.76,,002*2D

195,1.58,27.93,100822.25,-0.65,-0.51,-0.02,2.45,-1.16,9.42,-0.14,-0.02,-0.82,0.56,11.00,-57.25,-3.25,1.58,27.93,100822.25,,002*2D

179,1.58,27.93,100822.57,0.13,0.38,-0.14,2.77,-0.77,9.37,-0.14,-0.05,-0.82,0.56,-1.81,12.19,-1.12,1.58,27.93,100822.57,,002*2D

164,1.58,27.93,100823.16,-0.01,0.13,0.72,-0.77,-0.53,9.76,0.02,0.04,-0.84,0.55,9.75,117.75,6.25,1.58,27.93,100823.16,,002*2D

148,1.58,27.93,100822.08,0.06,0.00,0.06,-2.45,-0.37,9.48,0.09,0.09,-0.83,0.55,0.88,10.13,-1.12,1.58,27.93,100822.08,,002*2D

132,1.58,27.92,100821.41,0.11,-0.25,-0.17,-2.61,-0.41,9.44,0.10,0.09,-0.83,0.55,0.75,3.00,4.12,1.58,27.92,100821.41,,002*2D

120,1.58,27.93,100821.04,0.21,-1.79,0.00,-3.34,-0.40,9.20,0.13,0.12,-0.81,0.56,-7.56,40.25,22.00,1.58,27.93,100821.04,,002*2D

107,1.58,27.93,100821.37,1.16,-0.30,-1.27,-4.52,0.31,8.69,0.19,0.14,-0.73,0.64,-41.19,-6.37,70.75,1.58,27.93,100821.37,,002*2D

91,1.58,27.93,100822.91,0.55,-0.36,-0.46,-3.71,-0.30,9.07,0.12,0.15,-0.67,0.72,-62.50,-15.13,3.19,1.58,27.93,100822.91,,002*2D

76,1.58,27.92,100823.13,-1.48,2.91,3.60,-2.30,-0.94,9.48,0.04,0.12,-0.62,0.77,31.44,10.81,51.44,1.58,27.92,100823.13,,002*2D

61,1.58,27.92,100824.17,0.20,-0.39,-0.33,-2.74,-0.89,9.37,0.04,0.14,-0.57,0.81,-8.19,20.06,39.69,1.58,27.92,100824.17,,002*2D

46,1.58,27.91,100823.25,-0.08,0.09,-0.14,-3.48,-0.52,9.15,0.07,0.17,-0.52,0.83,-3.19,29.00,16.37,1.58,27.91,100823.25,,002*2D

34,1.58,27.90,100822.93,0.44,0.94,0.23,-4.27,-0.48,8.81,0.09,0.21,-0.50,0.84,-15.13,10.94,-1.44,1.58,27.90,100822.93,,002*2D

20,1.58,27.90,100823.05,0.04,-0.79,0.34,-4.21,-0.98,8.79,0.07,0.21,-0.52,0.83,0.62,0.37,-0.62,1.58,27.90,100823.05,,002*2D

5,1.58,27.90,100822.30,-0.02,-0.28,0.37,-4.27,-1.00,8.77,0.08,0.22,-0.52,0.82,3.62,-0.37,3.25,1.58,27.90,100822.30,,002*2D

246,1.58,27.90,100822.01,-0.41,-0.19,-0.75,-5.68,-0.25,7.98,0.18,0.25,-0.60,0.74,30.37,49.19,-48.63,1.58,27.90,100822.01,,002*2D

233,1.58,27.90,100821.78,0.42,-0.01,-0.18,-6.71,0.13,7.14,0.27,0.25,-0.66,0.66,41.44,12.81,-22.25,1.58,27.90,100821.78,,002*2D

221,1.58,27.90,100822.23,0.56,-0.52,-1.02,-7.67,0.41,6.08,0.36,0.25,-0.71,0.55,63.44,43.81,-39.81,1.58,27.90,100822.23,,002*2D

207,1.58,27.91,100823.09,0.44,-0.32,0.18,-8.50,0.78,4.82,0.45,0.23,-0.73,0.46,36.50,26.94,-14.25,1.58,27.91,100823.09,,002*2D

192,1.58,27.91,100822.85,0.21,-0.25,0.21,-8.99,0.83,3.80,0.51,0.21,-0.74,0.39,21.94,2.56,-8.75,1.58,27.91,100822.85,,002*2D

177,1.58,27.92,100821.73,0.06,-0.59,-0.18,-9.28,0.80,3.03,0.55,0.19,-0.74,0.33,45.75,23.25,-11.38,1.58,27.92,100821.73,,002*2D

162,1.58,27.92,100821.32,0.06,0.27,-0.11,-9.45,1.11,2.36,0.60,0.14,-0.74,0.27,54.06,1.69,-14.44,1.58,27.92,100821.32,,002*2D

146,1.58,27.93,100820.98,0.31,0.19,0.69,-9.56,1.31,1.74,0.64,0.08,-0.74,0.20,84.25,33.13,7.94,1.58,27.93,100820.98,,002*2D

134,1.58,27.93,100821.79,0.59,-0.40,0.82,-9.74,0.94,0.58,0.69,0.03,-0.72,0.10,31.19,6.81,-14.19,1.58,27.93,100821.79,,002*2D

119,1.58,27.93,100822.25,0.38,-0.72,0.73,-9.78,0.54,0.43,0.69,0.02,-0.72,0.06,41.75,-8.19,-10.50,1.58,27.93,100822.25,,002*2D

105,1.58,27.93,100822.66,0.11,-0.21,0.30,-9.78,0.43,0.40,0.69,-0.00,-0.72,0.03,0.25,-4.12,2.50,1.58,27.93,100822.66,,002*2D

91,1.58,27.93,100822.41,0.32,-0.04,-0.16,-9.78,0.43,0.49,0.69,0.00,-0.72,0.03,4.81,-1.00,7.31,1.58,27.93,100822.41,,002*2D

75,1.58,27.93,100822.88,0.32,-0.26,0.33,-9.77,0.57,0.47,0.69,-0.01,-0.72,0.03,2.37,-1.75,0.50,1.58,27.93,100822.88,,002*2D

59,1.58,27.93,100822.23,0.21,0.00,0.17,-9.76,0.78,0.47,0.69,-0.02,-0.72,0.04,0.31,3.69,7.19,1.58,27.93,100822.23,,002*2D

46,1.58,27.93,100822.95,0.40,-0.15,-0.05,-9.75,0.92,0.30,0.70,-0.03,-0.72,0.04,9.56,-1.69,3.00,1.58,27.93,100822.95,,002*2D

32,1.58,27.94,100823.80,0.08,-0.09,0.25,-9.75,0.97,0.26,0.70,-0.05,-0.72,0.02,19.50,1.12,-0.44,1.58,27.94,100823.80,,002*2D

17,1.58,27.94,100823.72,0.10,-0.35,0.26,-9.75,0.98,0.21,0.70,-0.07,-0.71,0.00,7.69,4.25,-0.81,1.58,27.94,100823.72,,002*2D

1,1.58,27.94,100823.72,0.17,-0.08,-0.20,-9.75,0.96,0.21,0.70,-0.06,-0.71,0.01,-22.62,-8.38,5.62,1.58,27.94,100823.72,,002*2D

241,1.58,27.94,100823.73,0.09,-0.27,0.16,-9.12,1.91,3.03,0.59,0.05,-0.78,0.23,-185.69,-87.94,86.75,1.58,27.94,100823.73,,002*2D

225,1.58,27.94,100823.43,0.71,-1.48,-0.51,-6.57,-0.29,7.27,0.28,0.22,-0.76,0.55,-168.37,-112.37,78.12,1.58,27.94,100823.43,,002*2D

211,1.58,27.94,100823.66,-0.18,0.95,0.28,-5.62,-1.51,7.88,0.16,0.27,-0.68,0.66,-36.13,-26.69,19.06,1.58,27.94,100823.66,,002*2D

199,1.58,27.93,100823.24,-0.24,0.39,-0.03,-5.32,-1.96,7.99,0.12,0.28,-0.65,0.69,-23.06,-17.19,11.31,1.58,27.93,100823.24,,002*2D

185,1.58,27.93,100822.33,-0.19,0.19,-0.11,-5.22,-2.22,7.99,0.10,0.29,-0.64,0.71,-15.50,-0.37,6.50,1.58,27.93,100822.33,,002*2D

169,1.58,27.93,100822.67,-0.06,0.13,0.11,-5.18,-2.40,7.96,0.09,0.29,-0.63,0.71,-1.94,4.37,2.50,1.58,27.93,100822.67,,002*2D

154,1.58,27.93,100822.23,-0.04,0.28,0.15,-5.24,-2.35,7.94,0.09,0.30,-0.63,0.72,-3.06,-0.44,1.87,1.58,27.93,100822.23,,002*2D

138,1.58,27.93,100822.45,0.09,0.00,0.16,-5.25,-2.37,7.93,0.09,0.30,-0.62,0.72,-1.50,2.81,0.13,1.58,27.93,100822.45,,002*2D

123,1.58,27.93,100823.16,-0.19,0.14,-0.13,-5.27,-2.32,7.93,0.09,0.30,-0.63,0.72,0.88,2.19,0.25,1.58,27.93,100823.16,,235943.100,V,,,,,0.00
110,1.58,27.93,100822.72,0.00,0.01,0.17,-5.28,-2.28,7.94,0.09,0.29,-0.63,0.72,-1.12,-0.75,-1.69,1.58,27.93,100822.72,,235943.100,V,,,,,0.00
98,1.58,27.93,100822.55,0.00,0.14,0.10,-5.28,-2.27,7.94,0.09,0.29,-0.63,0.72,-0.31,0.31,-0.31,1.58,27.93,100822.55,,235943.100,V,,,,,0.00
83,1.58,27.93,100823.23,-0.02,0.07,0.10,-5.28,-2.25,7.94,0.10,0.29,-0.63,0.72,0.00,0.75,-0.62,1.58,27.93,100823.23,,235943.100,V,,,,,0.00
67,1.58,27.94,100823.36,-0.03,0.13,-0.03,-5.28,-2.23,7.95,0.10,0.29,-0.63,0.72,0.37,-0.75,0.81,1.58,27.94,100823.36,,235943.100,V,,,,,0.00
52,1.58,27.94,100823.52,-0.03,-0.03,0.05,-5.28,-2.20,7.95,0.10,0.29,-0.63,0.72,0.62,0.81,-0.37,1.58,27.94,100823.52,,235943.100,V,,,,,0.00
38,1.58,27.94,100823.95,0.04,0.00,0.11,-5.25,-2.20,7.97,0.10,0.29,-0.63,0.72,0.06,0.13,0.00,1.58,27.94,100823.95,,235943.100,V,,,,,0.00
26,1.58,27.94,100824.08,0.01,0.09,0.29,-5.22,-2.19,8.00,0.10,0.29,-0.63,0.72,0.56,-0.06,1.00,1.58,27.94,100824.08,,235943.100,V,,,,,0.00
15,1.58,27.94,100823.89,0.02,0.12,0.19,-5.17,-2.18,8.03,0.09,0.29,-0.63,0.72,0.00,-2.19,0.06,1.58,27.94,100823.89,,235943.100,V,,,,,0.00
2,1.58,27.94,100824.13,-0.01,0.05,0.17,-5.18,-2.14,8.04,0.10,0.28,-0.63,0.72,1.25,0.69,-0.50,1.58,27.94,100824.13,,235943.100,V,,,,,0.00
243,1.58,27.94,100823.99,0.00,0.09,0.03,-5.17,-2.13,8.05,0.10,0.28,-0.63,0.72,0.06,-0.81,-0.94,1.58,27.94,100823.99,,235943.100,V,,,,,0.00
229,1.58,27.94,100824.70,0.00,0.05,0.11,-5.17,-2.11,8.05,0.10,0.28,-0.63,0.72,-0.13,0.44,0.06,1.58,27.94,100824.70,,235943.100,V,,,,,0.00
214,1.58,27.94,100823.62,-0.05,0.06,0.07,-5.17,-2.09,8.06,0.10,0.28,-0.63,0.72,-0.31,-0.13,1.69,1.58,27.94,100823.62,,235943.100,V,,,,,0.00
199,1.58,27.94,100824.41,0.00,0.03,0.10,-5.17,-2.07,8.06,0.10,0.28,-0.63,0.72,-0.13,0.69,0.75,1.58,27.94,100824.41,,235943.100,V,,,,,0.00
186,1.58,27.93,100823.66,0.01,0.11,0.00,-5.16,-2.07,8.07,0.10,0.28,-0.63,0.72,-0.44,0.37,0.31,1.58,27.93,100823.66,,235943.100,V,,,,,0.00
173,1.58,27.93,100823.90,0.01,0.06,0.13,-5.16,-2.08,8.07,0.10,0.28,-0.63,0.72,0.06,0.00,-1.06,1.58,27.93,100823.90,,235943.100,V,,,,,0.00
158,1.58,27.93,100824.63,0.14,0.16,0.00,-5.15,-2.07,8.07,0.10,0.28,-0.63,0.72,0.62,-0.75,0.62,1.58,27.93,100824.63,,235943.100,V,,,,,0.00
144,1.58,27.93,100822.70,-0.02,0.10,0.26,-5.14,-2.07,8.08,0.10,0.28,-0.63,0.72,0.25,-0.25,0.69,1.58,27.93,100822.70,,235943.100,V,,,,,0.00
129,1.58,27.93,100822.66,-0.04,0.04,-0.01,-5.14,-2.07,8.08,0.10,0.28,-0.63,0.72,-0.31,-0.06,-0.50,1.58,27.93,100822.66,,235943.100,V,,,,,0.00
117,1.58,27.93,100822.93,-0.02,0.01,0.06,-5.14,-2.07,8.08,0.10,0.28,-0.63,0.72,0.44,0.69,0.25,1.58,27.93,100822.93,,235943.100,V,,,,,0.00
103,1.58,27.93,100822.89,-0.03,0.02,0.00,-5.14,-2.06,8.09,0.10,0.28,-0.63,0.72,-0.44,-0.31,-0.19,1.58,27.93,100822.89,,235943.100,V,,,,,0.00
88,1.58,27.92,100822.95,-0.06,0.11,-0.08,-5.13,-2.06,8.09,0.10,0.28,-0.63,0.72,0.00,-0.06,-0.25,1.58,27.92,100822.95,,235943.100,V,,,,,0.00
72,1.58,27.92,100822.98,-0.03,0.10,0.02,-5.12,-2.07,8.09,0.10,0.28,-0.63,0.72,0.37,-0.44,-0.19,1.58,27.92,100822.98,,235943.100,V,,,,,0.00
59,1.58,27.92,100822.96,-0.02,0.06,0.13,-5.11,-2.07,8.10,0.10,0.28,-0.63,0.72,0.06,-1.06,-0.06,1.58,27.92,100822.96,,235943.100,V,,,,,0.00
44,1.58,27.92,100822.75,-0.09,-0.02,-0.09,-5.10,-2.07,8.11,0.10,0.28,-0.63,0.72,-0.62,-1.31,-0.31,1.58,27.92,100822.75,,235943.100,V,,,,,0.00
31,1.58,27.92,100822.24,-0.08,0.10,-0.09,-5.09,-2.07,8.11,0.10,0.28,-0.63,0.72,0.31,0.25,-0.37,1.58,27.92,100822.24,,235943.100,V,,,,,0.00
17,1.58,27.92,100822.95,-0.04,0.10,0.06,-5.08,-2.07,8.12,0.09,0.28,-0.63,0.72,0.00,-0.37,0.37,1.58,27.92,100822.95,,235943.100,V,,,,,0.00
2,1.58,27.92,100822.75,-0.08,0.08,0.00,-5.08,-2.07,8.12,0.09,0.28,-0.63,0.72,0.31,0.00,-0.88,1.58,27.92,100822.75,,235943.100,V,,,,,0.00
244,1.58,27.92,100821.88,-0.08,0.15,0.01,-5.06,-2.07,8.13,0.09,0.28,-0.63,0.72,0.13,-1.06,-0.19,1.58,27.92,100821.88,,235943.100,V,,,,,0.00
231,1.58,27.92,100822.79,-0.06,0.06,0.09,-5.05,-2.06,8.14,0.09,0.28,-0.63,0.72,-0.44,-0.31,1.00,1.58,27.92,100822.79,,235943.100,V,,,,,0.00
218,1.58,27.92,100822.93,-0.09,0.09,0.03,-5.06,-2.06,8.14,0.09,0.28,-0.63,0.72,-0.69,-0.88,0.69,1.58,27.92,100822.93,,235943.100,V,,,,,0.00
203,1.58,27.92,100823.33,-0.11,0.05,0.00,-5.06,-2.06,8.13,0.09,0.28,-0.63,0.72,0.50,0.56,0.00,1.58,27.92,100823.33,,235943.100,V,,,,,0.00
189,1.58,27.92,100823.45,-0.07,0.07,0.08,-5.06,-2.05,8.14,0.09,0.28,-0.63,0.72,-0.06,-0.13,0.25,1.58,27.92,100823.45,,235943.100,V,,,,,0.00
176,1.58,27.92,100822.38,0.01,0.06,0.20,-5.05,-2.06,8.14,0.09,0.28,-0.63,0.72,0.31,-0.37,0.06,1.58,27.92,100822.38,,235943.100,V,,,,,0.00
163,1.58,27.92,100822.77,-0.05,0.06,0.00,-5.05,-2.05,8.14,0.09,0.28,-0.63,0.72,0.50,0.44,-0.31,1.58,27.92,100822.77,,235943.100,V,,,,,0.00
148,1.58,27.92,100822.48,-0.04,0.04,-0.03,-5.04,-2.06,8.15,0.09,0.27,-0.63,0.72,0.06,0.56,-0.31,1.58,27.92,100822.48,,235943.100,V,,,,,0.00
132,1.58,27.92,100822.78,-0.09,0.01,-0.01,-5.03,-2.06,8.15,0.09,0.27,-0.63,0.72,-0.56,-1.44,-0.88,1.58,27.92,100822.78,,235943.100,V,,,,,0.00
116,1.58,27.92,100822.03,-0.07,0.02,-0.02,-5.02,-2.06,8.16,0.09,0.27,-0.63,0.72,0.56,0.19,-0.31,1.58,27.92,100822.03,,235943.100,V,,,,,0.00
102,1.58,27.92,100821.27,0.00,-0.05,0.07,-5.01,-2.06,8.17,0.09,0.27,-0.63,0.72,-0.31,0.06,0.37,1.58,27.92,100821.27,,235943.100,V,,,,,0.00
89,1.58,27.91,100822.55,-0.04,0.00,0.06,-5.01,-2.05,8.17,0.09,0.27,-0.63,0.72,0.19,0.00,-0.69,1.58,27.91,100822.55,,235943.100,V,,,,,0.00
75,1.58,27.92,100823.01,-0.07,0.08,-0.01,-5.01,-2.05,8.17,0.09,0.27,-0.63,0.72,0.19,-0.13,0.13,1.58,27.92,100823.01,,235943.100,V,,,,,0.00
64,1.58,27.91,100822.07,-0.12,0.09,-0.03,-5.00,-2.05,8.17,0.09,0.27,-0.63,0.72,-0.13,-0.81,0.56,1.58,27.91,100822.07,,235943.100,V,,,,,0.00
48,1.58,27.91,100821.24,-0.02,0.07,0.20,-4.99,-2.04,8.18,0.09,0.27,-0.63,0.72,0.06,-1.37,-0.13,1.58,27.91,100821.24,,235943.100,V,,,,,0.00
32,1.58,27.91,100821.77,-0.07,0.05,0.06,-4.98,-2.04,8.19,0.09,0.27,-0.63,0.72,-0.13,-0.56,0.31,1.58,27.91,100821.77,,235943.100,V,,,,,0.00
20,1.58,27.91,100822.66,-0.05,0.02,0.00,-4.98,-2.04,8.19,0.09,0.27,-0.63,0.72,0.13,0.37,0.81,1.58,27.91,100822.66,,235943.100,V,,,,,0.00
5,1.58,27.91,100822.46,-0.07,0.06,-0.01,-4.98,-2.03,8.19,0.09,0.27,-0.63,0.72,0.25,0.69,-0.44,1.58,27.91,100822.46,,235943.100,V,,,,,0.00
247,1.58,27.91,100822.89,-0.08,0.04,0.01,-4.97,-2.04,8.20,0.09,0.27,-0.63,0.72,0.06,0.25,-0.31,1.58,27.91,100822.89,,235943.100,V,,,,,0.00
234,1.58,27.91,100822.20,-0.06,0.07,0.06,-4.96,-2.04,8.20,0.09,0.27,-0.63,0.72,0.19,0.13,-0.69,1.58,27.91,100822.20,,235943.100,V,,,,,0.00
221,1.58,27.91,100822.73,-0.07,0.04,0.09,-4.96,-2.04,8.20,0.09,0.27,-0.63,0.72,0.00,0.19,-0.62,1.58,27.91,100822.73,,235943.100,V,,,,,0.00
207,1.58,27.91,100821.51,-0.05,0.07,0.11,-4.95,-2.04,8.21,0.09,0.27,-0.63,0.72,0.75,-0.94,0.44,1.58,27.91,100821.51,,235943.100,V,,,,,0.00
192,1.58,27.91,100820.95,-0.11,0.04,-0.09,-4.96,-2.04,8.20,0.09,0.27,-0.63,0.72,0.13,0.25,-0.50,1.58,27.91,100820.95,,235943.100,V,,,,,0.00
178,1.58,27.91,100820.66,-0.12,0.06,0.00,-4.93,-2.04,8.22,0.09,0.27,-0.63,0.72,0.81,-0.06,-0.06,1.58,27.91,100820.66,,235943.100,V,,,,,0.00
166,1.58,27.91,100820.82,-0.47,0.00,-0.70,-4.73,-1.62,8.43,0.10,0.25,-0.63,0.73,19.31,-41.31,3.00,1.58,27.91,100820.82,,235943.100,V,,,,,0.00
152,1.58,27.91,100821.23,0.42,0.13,0.45,-4.10,-0.51,8.89,0.12,0.18,-0.63,0.74,26.56,4.12,10.56,1.58,27.91,100821.23,,235943.100,V,,,,,0.00
136,1.58,27.91,100822.05,-0.16,0.33,0.04,-3.84,-0.15,9.01,0.12,0.16,-0.63,0.75,-3.19,-35.56,-13.13,1.58,27.91,100822.05,,235943.100,V,,,,,0.00
121,1.58,27.90,100821.23,-1.15,0.31,-0.13,-4.29,0.38,8.80,0.17,0.15,-0.66,0.72,18.50,12.81,-15.56,1.58,27.90,100821.23,,235943.100,V,,,,,0.00
105,1.58,27.90,100821.85,-0.19,1.12,-0.85,-1.32,2.44,9.40,0.14,-0.04,-0.69,0.71,43.25,-133.56,61.81,1.58,27.90,100821.85,,AXN_5.1.7_3333_19020118,0027,PA1010D,1.0*76

92,1.58,27.90,100820.06,0.01,-2.13,0.23,2.50,2.11,9.24,0.01,-0.17,-0.57,0.81,131.00,-25.94,96.63,1.58,27.90,100820.06,,AXN_5.1.7_3333_19020118,0027,PA1010D,1.0*76

79,1.58,27.90,100820.20,-2.33,-1.44,-0.16,3.28,2.19,8.97,0.02,-0.21,-0.46,0.86,76.06,-62.88,-26.37,1.58,27.90,100820.20,,AXN_5.1.7_3333_19020118,0027,PA1010D,1.0*76

65,1.58,27.89,100821.18,-1.03,-0.64,-0.61,3.89,2.64,8.60,0.04,-0.25,-0.42,0.87,-13.75,-13.69,22.13,1.58,27.89,100821.18,,AXN_5.1.7_3333_19020118,0027,PA1010D,1.0*76

49,1.58,27.88,100821.13,-0.14,0.08,0.08,4.15,-0.01,8.88,-0.08,-0.20,-0.35,0.91,-45.06,49.50,61.69,1.58,27.88,100821.13,,AXN_5.1.7_3333_19020118,0027,PA1010D,1.0*76

34,1.58,27.88,100821.31,-1.48,-0.71,0.87,4.76,0.27,8.56,-0.05,-0.25,-0.26,0.93,100.50,-128.56,37.50,1.58,27.88,100821.31,,AXN_5.1.7_3333_19020118,0027,PA1010D,1.0*76

18,1.58,27.88,100820.95,-1.51,-1.22,0.70,6.20,1.35,7.46,0.04,-0.34,-0.10,0.93,61.00,46.56,-17.19,1.58,27.88,100820.95,,AXN_5.1.7_3333_19020118,0027,PA1010D,1.0*76

5,1.58,27.89,100821.05,-0.03,-0.61,1.08,7.22,1.25,6.50,0.05,-0.41,-0.05,0.91,-60.81,-54.69,-60.31,1.58,27.89,100821.05,,AXN_5.1.7_3333_19020118,0027,PA1010D,1.0*76

248,1.58,27.89,100821.89,0.37,-0.15,-0.52,4.61,4.63,7.30,0.20,-0.28,-0.14,0.93,-156.37,26.00,49.00,1.58,27.89,100821.89,,AXN_5.1.7_3333_19020118,0027,PA1010D,1.0*76

234,1.58,27.89,100823.01,1.98,2.43,-0.28,1.65,3.40,9.04,0.17,-0.09,-0.05,0.98,-48.87,1.37,52.00,1.58,27.89,100823.01,,AXN_5.1.7_3333_19020118,0027,PA1010D,1.0*76

219,1.58,27.89,100822.28,-1.59,0.87,2.60,1.15,2.98,9.26,0.15,-0.06,-0.00,0.99,-97.81,83.62,44.00,1.58,27.89,100822.28,,AXN_5.1.7_3333_19020118,0027,PA1010D,1.0*76

203,1.58,27.89,100821.07,0.84,0.20,0.43,0.34,2.16,9.55,0.11,-0.01,0.03,0.99,-3.25,0.62,1.50,1.58,27.89,100821.07,,AXN_5.1.7_3333_19020118,0027,PA1010D,1.0*76

187,1.58,27.89,100822.17,0.00,0.02,-0.23,0.16,2.00,9.59,0.10,-0.01,0.03,0.99,-20.50,11.50,-1.69,1.58,27.89,100822.17,,AXN_5.1.7_3333_19020118,0027,PA1010D,1.0*76

173,1.58,27.89,100822.95,-0.16,0.11,-0.09,0.02,1.90,9.61,0.10,0.00,0.03,0.99,-0.06,0.00,0.13,1.58,27.89,100822.95,,AXN_5.1.7_3333_19020118,0027,PA1010D,1.0*76

160,1.58,27.90,100822.52,-0.15,0.08,-0.10,0.00,1.92,9.61,0.10,0.00,0.03,0.99,-0.25,-0.13,0.00,1.58,27.90,100822.52,,AXN_5.1.7_3333_19020118,0027,PA1010D,1.0*76

146,1.58,27.90,100822.90,-0.12,0.06,-0.04,-0.01,1.92,9.61,0.10,0.00,0.03,0.99,-0.19,-0.19,0.06,1.58,27.90,100822.90,,AXN_5.1.7_3333_19020118,0027,PA1010D,1.0*76

131,1.58,27.90,100823.06,-0.11,0.05,-0.07,-0.02,1.93,9.61,0.10,0.00,0.02,0.99,-0.13,0.00,-0.06,1.58,27.90,100823.06,,AXN_5.1.7_3333_19020118,0027,PA1010D,1.0*76

116,1.58,27.90,100822.76,-0.07,0.04,-0.05,-0.03,1.93,9.61,0.10,0.00,0.02,0.99,-0.06,-0.06,0.00,1.58,27.90,100822.76,,AXN_5.1.7_3333_19020118,0027,PA1010D,1.0*76

103,1.58,27.90,100822.65,-0.09,0.06,-0.05,-0.04,1.93,9.61,0.10,0.00,0.02,0.99,-0.25,-0.50,0.00,1.58,27.90,100822.65,,AXN_5.1.7_3333_19020118,0027,PA1010D,1.0*76

91,1.58,27.90,100823.58,-0.09,0.08,-0.08,-0.04,1.93,9.61,0.10,0.00,0.02,0.99,0.25,0.25,0.13,1.58,27.90,100823.58,,AXN_5.1.7_3333_19020118,0027,PA1010D,1.0*76

76,1.58,27.90,100824.19,-1.10,-0.26,0.05,-0.07,1.81,9.63,0.09,0.01,0.03,1.00,-8.13,29.87,64.00,1.58,27.90,100824.19,,AXN_5.1.7_3333_19020118,0027,PA1010D,1.0*76

61,1.58,27.90,100823.73,-0.33,-0.53,0.79,-0.74,0.72,9.75,0.04,0.04,0.05,1.00,-169.62,85.50,-121.56,1.58,27.90,100823.73,,AXN_5.1.7_3333_19020118,0027,PA1010D,1.0*76

47,1.58,27.90,100824.34,-0.07,0.12,0.00,-0.90,0.43,9.75,0.02,0.05,-0.01,1.00,-0.13,-0.06,0.44,1.58,27.90,100824.34,,AXN_5.1.7_3333_19020118,0027,PA1010D,1.0*76

35,1.58,27.90,100824.60,-0.09,0.12,-0.10,-0.90,0.43,9.75,0.02,0.05,-0.01,1.00,0.00,0.00,0.25,1.58,27.90,100824.60,,AXN_5.1.7_3333_19020118,0027,PA1010D,1.0*76

20,1.58,27.90,100824.38,-0.07,0.13,-0.03,-0.90,0.43,9.75,0.02,0.05,-0.02,1.00,0.00,0.00,-0.06,1.58,27.90,100824.38,,AXN_5.1.7_3333_19020118,0027,PA1010D,1.0*76

6,1.58,27.90,100823.98,-0.08,0.12,0.00,-0.90,0.43,9.75,0.02,0.05,-0.02,1.00,-0.06,0.00,0.00,1.58,27.90,100823.98,,AXN_5.1.7_3333_19020118,0027,PA1010D,1.0*76

248,1.58,27.90,100824.28,-0.10,0.12,0.03,-0.90,0.43,9.75,0.02,0.05,-0.02,1.00,-0.06,0.06,0.06,1.58,27.90,100824.28,,AXN_5.1.7_3333_19020118,0027,PA1010D,1.0*76

236,1.58,27.90,100824.66,-0.07,0.12,-0.04,-0.90,0.43,9.75,0.02,0.05,-0.02,1.00,0.00,0.06,0.00,1.58,27.90,100824.66,,AXN_5.1.7_3333_19020118,0027,PA1010D,1.0*76

222,1.58,27.90,100825.27,-0.09,0.10,0.12,-0.90,0.43,9.75,0.02,0.05,-0.02,1.00,0.00,0.00,-0.13,1.58,27.90,100825.27,,AXN_5.1.7_3333_19020118,0027,PA1010D,1.0*76

207,1.58,27.90,100825.16,-0.10,0.12,-0.13,-0.90,0.43,9.75,0.02,0.05,-0.02,1.00,-0.13,0.25,0.19,1.58,27.90,100825.16,,AXN_5.1.7_3333_19020118,0027,PA1010D,1.0*76

192,1.58,27.90,100825.34,-0.06,0.12,-0.02,-0.90,0.43,9.75,0.02,0.05,-0.02,1.00,0.00,0.13,0.00,1.58,27.90,100825.34,,AXN_5.1.7_3333_19020118,0027,PA1010D,1.0*76

176,1.58,27.90,100825.52,-0.09,0.10,-0.07,-0.90,0.43,9.75,0.02,0.05,-0.02,1.00,0.06,0.00,0.13,1.58,27.90,100825.52,,AXN_5.1.7_3333_19020118,0027,PA1010D,1.0*76

163,1.58,27.90,100824.75,-0.06,0.13,0.01,-0.90,0.43,9.75,0.02,0.05,-0.03,1.00,0.06,0.00,-0.06,1.58,27.90,100824.75,,AXN_5.1.7_3333_19020118,0027,PA1010D,1.0*76

150,1.58,27.91,100824.54,-0.08,0.12,-0.08,-0.90,0.43,9.75,0.02,0.05,-0.03,1.00,0.00,0.06,0.13,1.58,27.91,100824.54,,AXN_5.1.7_3333_19020118,0027,PA1010D,1.0*76

135,1.58,27.91,100824.69,-0.10,0.12,0.00,-0.90,0.43,9.75,0.02,0.05,-0.03,1.00,0.06,0.06,0.06,1.58,27.91,100824.69,,AXN_5.1.7_3333_19020118,0027,PA1010D,1.0*76

121,1.58,27.91,100824.71,-0.08,0.12,-0.06,-0.90,0.43,9.75,0.02,0.05,-0.03,1.00,-0.06,0.19,-0.06,1.58,27.91,100824.71,,AXN_5.1.7_3333_19020118,0027,PA1010D,1.0*76

107,1.58,27.91,100824.25,-0.07,0.12,0.00,-0.90,0.43,9.75,0.02,0.05,-0.03,1.00,-0.06,-0.13,0.00,1.58,27.91,100824.25,,AXN_5.1.7_3333_19020118,0027,PA1010D,1.0*76

93,1.58,27.91,100824.41,-0.09,0.11,-0.10,-0.90,0.43,9.75,0.02,0.05,-0.03,1.00,0.13,0.00,-0.06,1.58,27.91,100824.41,,AXN_5.1.7_3333_19020118,0027,PA1010D,1.0*76

80,1.58,27.91,100824.44,-0.07,0.12,-0.06,-0.90,0.43,9.75,0.02,0.05,-0.03,1.00,0.00,0.13,0.06,1.58,27.91,100824.44,,AXN_5.1.7_3333_19020118,0027,PA1010D,1.0*76

65,1.58,27.91,100825.14,-0.07,0.12,-0.01,-0.90,0.43,9.75,0.02,0.05,-0.03,1.00,0.00,-0.13,0.00,1.58,27.91,100825.14,,AXN_5.1.7_3333_19020118,0027,PA1010D,1.0*76

50,1.58,27.91,100824.33,-0.09,0.12,-0.05,-0.90,0.43,9.75,0.02,0.05,-0.03,1.00,0.06,-0.06,-0.19,1.58,27.91,100824.33,,AXN_5.1.7_3333_19020118,0027,PA1010D,1.0*76

36,1.58,27.91,100823.88,-0.07,0.12,0.00,-0.90,0.43,9.75,0.02,0.05,-0.03,1.00,0.00,0.06,-0.06,1.58,27.91,100823.88,,AXN_5.1.7_3333_19020118,0027,PA1010D,1.0*76

23,1.58,27.91,100825.05,-0.09,0.13,-0.03,-0.90,0.43,9.75,0.02,0.05,-0.03,1.00,0.06,0.13,-0.06,1.58,27.91,100825.05,,AXN_5.1.7_3333_19020118,0027,PA1010D,1.0*76

10,1.58,27.90,100825.16,-0.07,0.11,-0.03,-0.90,0.43,9.75,0.02,0.05,-0.03,1.00,0.06,-0.06,0.13,1.58,27.90,100825.16,,AXN_5.1.7_3333_19020118,0027,PA1010D,1.0*76

251,1.58,27.89,100825.02,-0.06,0.12,-0.07,-0.90,0.43,9.75,0.02,0.05,-0.03,1.00,0.06,0.06,0.00,1.58,27.89,100825.02,,AXN_5.1.7_3333_19020118,0027,PA1010D,1.0*76

237,1.58,27.89,100824.79,-0.07,0.12,-0.06,-0.90,0.43,9.75,0.02,0.05,-0.03,1.00,0.13,0.00,-0.06,1.58,27.89,100824.79,,AXN_5.1.7_3333_19020118,0027,PA1010D,1.0*76

224,1.58,27.88,100824.41,-0.06,0.12,-0.08,-0.90,0.43,9.75,0.02,0.05,-0.03,1.00,0.06,0.00,0.00,1.58,27.88,100824.41,,AXN_5.1.7_3333_19020118,0027,PA1010D,1.0*76

211,1.58,27.88,100823.77,-0.09,0.12,-0.03,-0.90,0.43,9.75,0.02,0.05,-0.03,1.00,0.00,0.06,0.06,1.58,27.88,100823.77,,AXN_5.1.7_3333_19020118,0027,PA1010D,1.0*76

196,1.58,27.88,100823.19,-0.09,0.11,0.01,-0.90,0.43,9.75,0.02,0.05,-0.03,1.00,0.00,0.13,0.06,1.58,27.88,100823.19,,AXN_5.1.7_3333_19020118,0027,PA1010D,1.0*76

184,1.58,27.88,100823.80,-0.06,0.12,-0.02,-0.90,0.43,9.75,0.02,0.05,-0.03,1.00,0.19,0.06,0.00,1.58,27.88,100823.80,,AXN_5.1.7_3333_19020118,0027,PA1010D,1.0*76

171,1.58,27.87,100823.83,-0.09,0.11,-0.02,-0.90,0.43,9.75,0.02,0.05,-0.03,1.00,-0.06,0.13,0.06,1.58,27.87,100823.83,,AXN_5.1.7_3333_19020118,0027,PA1010D,1.0*76

157,1.58,27.87,100823.76,-0.08,0.12,-0.10,-0.90,0.43,9.75,0.02,0.05,-0.03,1.00,0.13,0.06,0.00,1.58,27.87,100823.76,,235944.100,V,,,,,0.00
142,1.58,27.87,100824.25,-0.09,0.13,0.00,-0.90,0.43,9.75,0.02,0.05,-0.03,1.00,-0.06,-0.13,-0.06,1.58,27.87,100824.25,,235944.100,V,,,,,0.00
128,1.58,27.87,100823.13,-0.08,0.12,-0.04,-0.90,0.43,9.75,0.02,0.05,-0.03,1.00,-0.06,0.00,-0.06,1.58,27.87,100823.13,,235944.100,V,,,,,0.00
116,1.58,27.87,100823.69,-0.09,0.12,-0.08,-0.90,0.43,9.75,0.02,0.05,-0.03,1.00,0.00,0.06,-0.06,1.58,27.87,100823.69,,235944.100,V,,,,,0.00
102,1.58,27.87,100824.38,-0.09,0.11,-0.01,-0.90,0.43,9.75,0.02,0.05,-0.03,1.00,0.06,-0.13,0.06,1.58,27.87,100824.38,,235944.100,V,,,,,0.00
87,1.58,27.87,100824.87,-0.09,0.12,-0.02,-0.90,0.43,9.75,0.02,0.05,-0.03,1.00,0.00,0.06,0.13,1.58,27.87,100824.87,,235944.100,V,,,,,0.00
71,1.58,27.86,100825.13,-0.07,0.12,0.01,-0.90,0.43,9.75,0.02,0.05,-0.03,1.00,0.06,0.13,-0.06,1.58,27.86,100825.13,,235944.100,V,,,,,0.00
57,1.58,27.86,100825.30,-0.07,0.12,-0.04,-0.90,0.43,9.75,0.02,0.05,-0.03,1.00,0.06,0.13,0.00,1.58,27.86,100825.30,,235944.100,V,,,,,0.00
45,1.58,27.86,100825.04,-0.08,0.12,-0.07,-0.90,0.43,9.75,0.02,0.05,-0.03,1.00,0.00,0.00,-0.06,1.58,27.86,100825.04,,235944.100,V,,,,,0.00
31,1.58,27.85,100825.01,-0.06,0.11,-0.04,-0.90,0.43,9.75,0.02,0.05,-0.03,1.00,0.06,0.19,0.13,1.58,27.85,100825.01,,235944.100,V,,,,,0.00
16,1.58,27.85,100825.70,-0.09,0.13,-0.02,-0.90,0.43,9.75,0.02,0.05,-0.03,1.00,0.00,-0.06,0.13,1.58,27.85,100825.70,,235944.100,V,,,,,0.00
2,1.58,27.85,100825.56,-0.08,0.12,-0.06,-0.90,0.43,9.75,0.02,0.05,-0.03,1.00,0.13,-0.25,0.00,1.58,27.85,100825.56,,235944.100,V,,,,,0.00
242,1.58,27.85,100825.28,-0.05,0.10,-0.04,-0.90,0.43,9.75,0.02,0.05,-0.03,1.00,0.13,0.13,0.06,1.58,27.85,100825.28,,235944.100,V,,,,,0.00
230,1.58,27.85,100825.20,-0.08,0.12,-0.01,-0.90,0.43,9.75,0.02,0.05,-0.03,1.00,0.00,-0.06,0.00,1.58,27.85,100825.20,,235944.100,V,,,,,0.00
216,1.58,27.85,100824.28,-0.09,0.12,-0.04,-0.90,0.43,9.75,0.02,0.05,-0.03,1.00,-0.06,0.06,-0.06,1.58,27.85,100824.28,,235944.100,V,,,,,0.00
201,1.58,27.85,100823.74,-0.09,0.11,-0.03,-0.90,0.43,9.75,0.02,0.05,-0.03,1.00,-0.06,-0.13,0.13,1.58,27.85,100823.74,,235944.100,V,,,,,0.00
187,1.58,27.85,100824.41,-0.08,0.14,-0.05,-0.90,0.43,9.75,0.02,0.05,-0.03,1.00,0.13,-0.13,0.00,1.58,27.85,100824.41,,235944.100,V,,,,,0.00
175,1.58,27.85,100824.02,-0.06,0.12,-0.01,-0.90,0.43,9.75,0.02,0.05,-0.03,1.00,0.00,0.06,0.00,1.58,27.85,100824.02,,235944.100,V,,,,,0.00
161,1.58,27.85,100823.64,-0.10,0.12,-0.02,-0.90,0.43,9.75,0.02,0.05,-0.03,1.00,-0.06,0.13,-0.06,1.58,27.85,100823.64,,235944.100,V,,,,,0.00
146,1.58,27.85,100823.97,-0.08,0.12,-0.02,-0.90,0.43,9.75,0.02,0.05,-0.03,1.00,0.00,-0.13,0.06,1.58,27.85,100823.97,,235944.100,V,,,,,0.00
131,1.58,27.86,100823.98,-0.09,0.12,-0.04,-0.90,0.43,9.75,0.02,0.05,-0.03,1.00,0.19,-0.25,0.06,1.58,27.86,100823.98,,235944.100,V,,,,,0.00
119,1.58,27.86,100823.84,-0.08,0.12,-0.05,-0.90,0.43,9.75,0.02,0.05,-0.03,1.00,0.06,-0.06,-0.06,1.58,27.86,100823.84,,235944.100,V,,,,,0.00
106,1.58,27.86,100823.65,-0.08,0.12,0.00,-0.90,0.43,9.75,0.02,0.05,-0.03,1.00,0.00,0.19,-0.06,1.58,27.86,100823.65,,235944.100,V,,,,,0.00
91,1.58,27.86,100823.34,-0.06,0.12,-0.05,-0.90,0.43,9.75,0.02,0.05,-0.03,1.00,0.06,0.13,0.06,1.58,27.86,100823.34,,235944.100,V,,,,,0.00
76,1.58,27.86,100824.16,-0.07,0.12,-0.03,-0.90,0.43,9.75,0.02,0.05,-0.03,1.00,0.06,0.00,0.13,1.58,27.86,100824.16,,235944.100,V,,,,,0.00
60,1.58,27.86,100824.02,-0.05,0.09,0.00,-0.90,0.43,9.75,0.02,0.05,-0.03,1.00,-0.06,0.13,-0.06,1.58,27.86,100824.02,,235944.100,V,,,,,0.00
47,1.58,27.87,100822.77,-0.10,0.13,-0.03,-0.90,0.43,9.75,0.02,0.05,-0.03,1.00,0.13,-0.06,-0.06,1.58,27.87,100822.77,,235944.100,V,,,,,0.00
34,1.58,27.87,100823.20,-0.09,0.11,-0.06,-0.90,0.43,9.75,0.02,0.05,-0.03,1.00,0.13,-0.06,0.00,1.58,27.87,100823.20,,235944.100,V,,,,,0.00
20,1.58,27.87,100822.40,-0.09,0.12,-0.04,-0.90,0.43,9.75,0.02,0.05,-0.03,1.00,0.06,-0.06,-0.06,1.58,27.87,100822.40,,235944.100,V,,,,,0.00
5,1.58,27.87,100822.78,-0.09,0.12,-0.08,-0.90,0.43,9.75,0.02,0.05,-0.03,1.00,0.00,0.06,0.06,1.58,27.87,100822.78,,235944.100,V,,,,,0.00
247,1.58,27.87,100824.47,-0.07,0.11,-0.03,-0.90,0.43,9.75,0.02,0.05,-0.03,1.00,0.19,0.06,-0.06,1.58,27.87,100824.47,,235944.100,V,,,,,0.00
234,1.58,27.87,100823.48,-0.10,0.13,-0.03,-0.90,0.43,9.75,0.02,0.05,-0.03,1.00,0.13,0.06,-0.06,1.58,27.87,100823.48,,235944.100,V,,,,,0.00
221,1.58,27.87,100824.79,-0.07,0.11,-0.06,-0.90,0.43,9.75,0.02,0.05,-0.03,1.00,0.00,0.06,0.13,1.58,27.87,100824.79,,235944.100,V,,,,,0.00
206,1.58,27.87,100824.96,-0.10,0.12,-0.01,-0.90,0.43,9.75,0.02,0.05,-0.03,1.00,0.06,-0.06,0.13,1.58,27.87,100824.96,,235944.100,V,,,,,0.00
192,1.58,27.87,100824.04,-0.08,0.13,-0.03,-0.90,0.43,9.75,0.02,0.05,-0.03,1.00,0.00,0.13,0.19,1.58,27.87,100824.04,,235944.100,V,,,,,0.00
179,1.58,27.87,100824.13,-0.08,0.12,-0.12,-0.90,0.43,9.75,0.02,0.05,-0.03,1.00,0.00,0.06,0.06,1.58,27.87,100824.13,,235944.100,V,,,,,0.00
166,1.58,27.87,100825.09,-0.07,0.11,0.02,-0.90,0.43,9.75,0.02,0.05,-0.03,1.00,0.06,-0.13,0.00,1.58,27.87,100825.09,,235944.100,V,,,,,0.00
151,1.58,27.87,100824.40,-0.11,0.13,-0.02,-0.90,0.43,9.75,0.02,0.05,-0.03,1.00,0.06,-0.06,-0.06,1.58,27.87,100824.40,,235944.100,V,,,,,0.00
135,1.58,27.87,100824.65,-0.08,0.12,-0.04,-0.90,0.43,9.75,0.02,0.05,-0.03,1.00,0.19,-0.13,0.00,1.58,27.87,100824.65,,235944.100,V,,,,,0.00
121,1.58,27.88,100824.60,-0.08,0.13,-0.10,-0.90,0.43,9.75,0.02,0.05,-0.03,1.00,0.13,0.25,0.06,1.58,27.88,100824.60,,235944.100,V,,,,,0.00
108,1.58,27.88,100824.11,-0.07,0.11,-0.04,-0.90,0.43,9.75,0.02,0.05,-0.03,1.00,-0.06,0.06,0.06,1.58,27.88,100824.11,,235944.100,V,,,,,0.00
95,1.58,27.88,100823.52,-0.08,0.13,-0.03,-0.90,0.43,9.75,0.02,0.05,-0.03,1.00,0.06,0.06,0.19,1.58,27.88,100823.52,,235944.100,V,,,,,0.00
80,1.58,27.88,100823.50,-0.06,0.12,0.00,-0.90,0.43,9.75,0.02,0.05,-0.03,1.00,-0.13,0.19,0.13,1.58,27.88,100823.50,,235944.100,V,,,,,0.00
65,1.58,27.87,100823.92,-0.09,0.11,-0.03,-0.90,0.43,9.75,0.02,0.05,-0.03,1.00,0.06,0.13,-0.13,1.58,27.87,100823.92,,235944.100,V,,,,,0.00
49,1.58,27.87,100823.59,-0.07,0.12,-0.08,-0.90,0.43,9.75,0.02,0.05,-0.03,1.00,0.00,0.13,0.00,1.58,27.87,100823.59,,235944.100,V,,,,,0.00
36,1.58,27.87,100823.84,-0.08,0.11,-0.03,-0.90,0.43,9.75,0.02,0.05,-0.03,1.00,-0.06,0.13,0.00,1.58,27.87,100823.84,,235944.100,V,,,,,0.00
23,1.58,27.87,100823.77,-0.06,0.12,-0.03,-0.90,0.43,9.75,0.02,0.05,-0.03,1.00,0.00,0.13,0.13,1.58,27.87,100823.77,,235944.100,V,,,,,0.00
8,1.58,27.87,100823.92,-0.07,0.13,-0.06,-0.90,0.43,9.75,0.02,0.05,-0.03,1.00,0.00,0.06,0.06,1.58,27.87,100823.92,,235944.100,V,,,,,0.00
250,1.58,27.87,100824.62,-0.09,0.13,-0.08,-0.90,0.43,9.75,0.02,0.05,-0.03,1.00,0.00,0.06,0.00,1.58,27.87,100824.62,,235944.100,V,,,,,0.00
237,1.58,27.87,100823.37,-0.08,0.12,-0.01,-0.90,0.43,9.75,0.02,0.05,-0.03,1.00,0.00,0.06,-0.13,1.58,27.87,100823.37,,235944.100,V,,,,,0.00
222,1.58,27.87,100822.38,-0.07,0.12,-0.02,-0.90,0.43,9.75,0.02,0.05,-0.03,1.00,0.00,0.00,-0.06,1.58,27.87,100822.38,,235945.100,V,,,,,0.00
209,1.58,27.87,100822.73,-0.07,0.12,-0.04,-0.90,0.43,9.75,0.02,0.05,-0.03,1.00,0.00,-0.13,0.00,1.58,27.87,100822.73,,235945.100,V,,,,,0.00
195,1.58,27.87,100822.93,-0.08,0.13,-0.04,-0.90,0.43,9.75,0.02,0.05,-0.03,1.00,0.06,-0.06,-0.06,1.58,27.87,100822.93,,235945.100,V,,,,,0.00
181,1.58,27.87,100822.98,-0.07,0.13,-0.05,-0.90,0.43,9.75,0.02,0.05,-0.03,1.00,0.06,0.06,0.00,1.58,27.87,100822.98,,235945.100,V,,,,,0.00
168,1.58,27.87,100823.55,-0.07,0.12,-0.04,-0.90,0.43,9.75,0.02,0.05,-0.03,1.00,0.19,0.00,0.00,1.58,27.87,100823.55,,235945.100,V,,,,,0.00
155,1.58,27.87,100823.98,-0.09,0.12,-0.03,-0.90,0.43,9.75,0.02,0.05,-0.03,1.00,-0.06,0.06,0.06,1.58,27.87,100823.98,,235945.100,V,,,,,0.00
140,1.58,27.87,100824.22,-0.06,0.12,-0.02,-0.90,0.43,9.75,0.02,0.05,-0.03,1.00,0.06,0.13,0.06,1.58,27.87,100824.22,,235945.100,V,,,,,0.00
124,1.58,27.87,100824.20,-0.09,0.11,-0.03,-0.90,0.43,9.75,0.02,0.05,-0.03,1.00,-0.06,0.00,-0.06,1.58,27.87,100824.20,,235945.100,V,,,,,0.00
110,1.58,27.87,100824.38,-0.09,0.13,0.00,-0.90,0.43,9.75,0.02,0.05,-0.03,1.00,0.13,-0.25,-0.13,1.58,27.87,100824.38,,235945.100,V,,,,,0.00
97,1.58,27.87,100823.37,-0.09,0.12,-0.02,-0.90,0.43,9.75,0.02,0.05,-0.03,1.00,-0.13,0.13,-0.06,1.58,27.87,100823.37,,235945.100,V,,,,,0.00
84,1.58,27.87,100823.38,-0.09,0.12,-0.03,-0.90,0.43,9.75,0.02,0.05,-0.03,1.00,-0.13,0.06,0.13,1.58,27.87,100823.38,,235945.100,V,,,,,0.00
69,1.58,27.87,100823.27,-0.08,0.12,-0.03,-0.90,0.43,9.75,0.02,0.05,-0.03,1.00,0.19,0.06,-0.06,1.58,27.87,100823.27,,235945.100,V,,,,,0.00
55,1.58,27.87,100823.59,-0.08,0.12,-0.04,-0.90,0.43,9.75,0.02,0.05,-0.03,1.00,0.06,0.13,0.06,1.58,27.87,100823.59,,235945.100,V,,,,,0.00
39,1.58,27.87,100823.58,-0.08,0.12,-0.03,-0.90,0.43,9.75,0.02,0.05,-0.03,1.00,0.06,-0.19,0.00,1.58,27.87,100823.58,,235945.100,V,,,,,0.00
30,1.58,27.87,100823.53,-0.07,0.12,-0.05,-0.90,0.43,9.75,0.02,0.05,-0.03,1.00,0.06,0.00,0.00,1.58,27.87,100823.53,,235945.100,V,,,,,0.00
15,1.58,27.87,100823.13,-0.07,0.13,-0.03,-0.90,0.43,9.75,0.02,0.05,-0.03,1.00,-0.06,0.13,0.00,1.58,27.87,100823.13,,235945.100,V,,,,,0.00
2,1.58,27.87,100823.66,-0.06,0.12,-0.03,-0.90,0.43,9.75,0.02,0.05,-0.03,1.00,-0.13,0.00,0.00,1.58,27.87,100823.66,,235945.100,V,,,,,0.00
245,1.58,27.87,100823.52,-0.10,0.13,-0.03,-0.90,0.43,9.75,0.02,0.05,-0.03,1.00,-0.19,-0.13,0.06,1.58,27.87,100823.52,,235945.100,V,,,,,0.00
230,1.58,27.87,100824.82,-0.09,0.12,-0.05,-0.90,0.43,9.75,0.02,0.05,-0.03,1.00,0.19,0.00,-0.13,1.58,27.87,100824.82,,235945.100,V,,,,,0.00
216,1.58,27.87,100823.96,-0.09,0.12,-0.03,-0.90,0.43,9.75,0.02,0.05,-0.03,1.00,-0.13,0.06,-0.06,1.58,27.87,100823.96,,235945.100,V,,,,,0.00
200,1.58,27.87,100823.59,-0.05,0.11,-0.05,-0.90,0.43,9.75,0.02,0.05,-0.03,1.00,0.13,-0.13,0.00,1.58,27.87,100823.59,,235945.100,V,,,,,0.00
186,1.58,27.86,100823.81,-0.10,0.13,-0.02,-0.90,0.43,9.75,0.02,0.05,-0.03,1.00,0.06,0.06,0.00,1.58,27.86,100823.81,,235945.100,V,,,,,0.00
174,1.58,27.86,100823.97,-0.08,0.12,-0.05,-0.90,0.43,9.75,0.02,0.05,-0.03,1.00,0.00,0.06,-0.06,1.58,27.86,100823.97,,235945.100,V,,,,,0.00
160,1.58,27.87,100823.52,-0.07,0.12,-0.01,-0.90,0.43,9.75,0.02,0.05,-0.03,1.00,-0.06,0.13,0.00,1.58,27.87,100823.52,,235945.100,V,,,,,0.00
145,1.58,27.87,100823.65,-0.09,0.13,0.00,-0.90,0.43,9.75,0.02,0.05,-0.03,1.00,0.00,0.06,-0.06,1.58,27.87,100823.65,,235945.100,V,,,,,0.00
131,1.58,27.87,100824.30,-0.09,0.12,-0.03,-0.90,0.43,9.75,0.02,0.05,-0.03,1.00,0.00,0.19,-0.13,1.58,27.87,100824.30,,235945.100,V,,,,,0.00
115,1.58,27.87,100823.28,-0.07,0.12,-0.03,-0.90,0.43,9.75,0.02,0.05,-0.03,1.00,0.00,-0.06,-0.06,1.58,27.87,100823.28,,235945.100,V,,,,,0.00
103,1.58,27.86,100823.87,-0.09,0.11,-0.04,-0.90,0.43,9.75,0.02,0.05,-0.03,1.00,-0.06,-0.13,0.06,1.58,27.86,100823.87,,235945.100,V,,,,,0.00
89,1.58,27.86,100823.84,-0.08,0.12,-0.03,-0.90,0.43,9.75,0.02,0.05,-0.03,1.00,0.00,-0.13,0.06,1.58,27.86,100823.84,,235945.100,V,,,,,0.00
74,1.58,27.85,100823.72,-0.08,0.13,-0.05,-0.90,0.43,9.75,0.02,0.05,-0.03,1.00,-0.06,-0.13,0.06,1.58,27.85,100823.72,,235945.100,V,,,,,0.00
60,1.58,27.85,100823.62,-0.09,0.12,-0.03,-0.90,0.43,9.75,0.02,0.05,-0.03,1.00,-0.06,-0.06,0.06,1.58,27.85,100823.62,,235945.100,V,,,,,0.00
48,1.58,27.84,100823.22,-0.08,0.13,-0.02,-0.90,0.43,9.75,0.02,0.05,-0.03,1.00,0.06,-0.06,0.00,1.58,27.84,100823.22,,235945.100,V,,,,,0.00
34,1.58,27.84,100825.12,-0.07,0.12,-0.02,-0.90,0.43,9.75,0.02,0.05,-0.03,1.00,0.00,0.06,-0.06,1.58,27.84,100825.12,,235945.100,V,,,,,0.00
19,1.58,27.84,100824.34,-0.07,0.12,-0.03,-0.90,0.43,9.75,0.02,0.05,-0.03,1.00,-0.06,0.00,-0.19,1.58,27.84,100824.34,,235945.100,V,,,,,0.00
5,1.58,27.85,100824.23,-0.07,0.11,0.00,-0.90,0.43,9.75,0.02,0.05,-0.03,1.00,0.06,0.00,0.00,1.58,27.85,100824.23,,235945.100,V,,,,,0.00
248,1.58,27.85,100824.09,-0.08,0.12,0.00,-0.90,0.43,9.75,0.02,0.05,-0.03,1.00,0.00,0.00,0.00,1.58,27.85,100824.09,,235945.100,V,,,,,0.00
235,1.58,27.85,100823.80,-0.10,0.11,0.00,-0.90,0.43,9.75,0.02,0.05,-0.03,1.00,0.13,-0.25,0.06,1.58,27.85,100823.80,,235945.100,V,,,,,0.00
220,1.58,27.85,100823.80,-0.07,0.12,-0.01,-0.90,0.43,9.75,0.02,0.05,-0.03,1.00,0.00,0.00,0.13,1.58,27.85,100823.80,,235945.100,V,,,,,0.00
205,1.58,27.85,100823.93,-0.08,0.13,0.00,-0.90,0.43,9.75,0.02,0.05,-0.03,1.00,-0.06,-0.06,0.00,1.58,27.85,100823.93,,235945.100,V,,,,,0.00
190,1.58,27.84,100823.44,-0.06,0.12,0.00,-0.90,0.43,9.75,0.02,0.05,-0.03,1.00,0.00,0.13,0.00,1.58,27.84,100823.44,,235945.100,V,,,,,0.00
178,1.58,27.85,100822.66,-0.09,0.12,-0.05,-0.90,0.43,9.75,0.02,0.05,-0.03,1.00,-0.06,0.06,0.06,1.58,27.85,100822.66,,235945.100,V,,,,,0.00
164,1.58,27.85,100822.55,-0.06,0.12,-0.03,-0.90,0.43,9.75,0.02,0.05,-0.03,1.00,-0.19,0.06,-0.13,1.58,27.85,100822.55,,235945.100,V,,,,,0.00
149,1.58,27.85,100823.17,-0.08,0.12,-0.07,-0.90,0.43,9.75,0.02,0.05,-0.03,1.00,0.13,-0.19,0.06,1.58,27.85,100823.17,,235945.100,V,,,,,0.00
134,1.58,27.85,100823.29,-0.12,0.12,-0.03,-0.90,0.43,9.75,0.02,0.05,-0.03,1.00,-0.06,0.00,0.13,1.58,27.85,100823.29,,235945.100,V,,,,,0.00
121,1.58,27.85,100823.98,-0.09,0.12,-0.08,-0.90,0.43,9.75,0.02,0.05,-0.03,1.00,-0.13,-0.06,0.06,1.58,27.85,100823.98,,235945.100,V,,,,,0.00
106,1.58,27.85,100823.65,-0.07,0.11,-0.02,-0.90,0.43,9.75,0.02,0.05,-0.03,1.00,0.13,0.06,-0.06,1.58,27.85,100823.65,,235945.100,V,,,,,0.00
93,1.58,27.85,100823.70,-0.08,0.13,0.00,-0.90,0.43,9.75,0.02,0.05,-0.03,1.00,-0.06,0.19,0.06,1.58,27.85,100823.70,,235945.100,V,,,,,0.00
81,1.58,27.85,100823.70,-0.07,0.12,0.02,-0.90,0.43,9.75,0.02,0.05,-0.03,1.00,0.00,-0.19,-0.13,1.58,27.85,100823.70,,235945.100,V,,,,,0.00
69,1.58,27.85,100824.45,-0.06,0.10,-0.06,-0.90,0.43,9.75,0.02,0.05,-0.03,1.00,-0.06,-0.13,-0.06,1.58,27.85,100824.45,,235945.100,V,,,,,0.00
55,1.58,27.85,100823.70,-0.09,0.12,-0.04,-0.90,0.43,9.75,0.02,0.05,-0.03,1.00,-0.06,0.13,0.00,1.58,27.85,100823.70,,235945.100,V,,,,,0.00
40,1.58,27.85,100823.70,-0.05,0.13,-0.03,-0.90,0.43,9.75,0.02,0.05,-0.03,1.00,0.00,-0.06,0.00,1.58,27.85,100823.70,,235945.100,V,,,,,0.00
26,1.58,27.85,100823.73,-0.09,0.12,-0.08,-0.90,0.43,9.75,0.02,0.05,-0.03,1.00,0.00,0.19,0.06,1.58,27.85,100823.73,,235946.100,V,,,,,0.00
10,1.58,27.85,100823.52,-0.07,0.13,0.01,-0.90,0.43,9.75,0.02,0.05,-0.03,1.00,-0.13,0.00,0.13,1.58,27.85,100823.52,,235946.100,V,,,,,0.00
254,1.58,27.84,100823.37,-0.08,0.11,-0.06,-0.90,0.43,9.75,0.02,0.05,-0.03,1.00,-0.13,0.00,0.06,1.58,27.84,100823.37,,235946.100,V,,,,,0.00
240,1.58,27.84,100823.48,-0.09,0.12,-0.04,-0.90,0.43,9.75,0.02,0.05,-0.03,1.00,-0.06,-0.25,0.19,1.58,27.84,100823.48,,235946.100,V,,,,,0.00
225,1.58,27.83,100823.30,-0.07,0.11,0.01,-0.90,0.43,9.75,0.02,0.05,-0.03,1.00,0.00,0.06,0.00,1.58,27.83,100823.30,,235946.100,V,,,,,0.00
211,1.58,27.83,100824.08,-0.08,0.12,0.05,-0.90,0.43,9.75,0.02,0.05,-0.03,1.00,0.00,0.06,0.00,1.58,27.83,100824.08,,235946.100,V,,,,,0.00
199,1.58,27.82,100824.20,-0.09,0.14,0.04,-0.90,0.43,9.75,0.02,0.05,-0.03,1.00,0.00,-0.06,0.13,1.58,27.82,100824.20,,235946.100,V,,,,,0.00
185,1.58,27.82,100822.89,-0.09,0.12,-0.03,-0.90,0.43,9.75,0.02,0.05,-0.03,1.00,-0.25,0.19,-0.13,1.58,27.82,100822.89,,235946.100,V,,,,,0.00
170,1.58,27.82,100823.45,-0.10,0.12,-0.02,-0.90,0.43,9.75,0.02,0.05,-0.03,1.00,0.19,0.06,0.06,1.58,27.82,100823.45,,235946.100,V,,,,,0.00
155,1.58,27.82,100823.60,-0.09,0.12,-0.04,-0.90,0.43,9.75,0.02,0.05,-0.03,1.00,-0.06,0.13,-0.06,1.58,27.82,100823.60,,235946.100,V,,,,,0.00
142,1.58,27.82,100823.50,-0.08,0.12,0.00,-0.90,0.43,9.75,0.02,0.05,-0.03,1.00,-0.06,-0.13,-0.06,1.58,27.82,100823.50,,235946.100,V,,,,,0.00
129,1.58,27.82,100824.10,-0.08,0.12,0.03,-0.90,0.43,9.75,0.02,0.05,-0.03,1.00,0.25,0.00,0.00,1.58,27.82,100824.10,,235946.100,V,,,,,0.00
114,1.58,27.83,100824.05,-0.07,0.13,-0.02,-0.90,0.43,9.75,0.02,0.05,-0.03,1.00,0.19,0.00,0.13,1.58,27.83,100824.05,,235946.100,V,,,,,0.00
100,1.58,27.83,100824.07,-0.09,0.12,-0.05,-0.90,0.43,9.75,0.02,0.05,-0.03,1.00,0.06,0.00,-0.06,1.58,27.83,100824.07,,235946.100,V,,,,,0.00
84,1.58,27.82,100823.69,-0.05,0.14,0.00,-0.90,0.43,9.75,0.02,0.05,-0.03,1.00,0.00,0.00,0.06,1.58,27.82,100823.69,,235946.100,V,,,,,0.00
70,1.58,27.82,100824.30,-0.08,0.12,-0.06,-0.90,0.43,9.75,0.02,0.05,-0.03,1.00,0.00,-0.06,-0.06,1.58,27.82,100824.30,,235946.100,V,,,,,0.00
58,1.58,27.81,100824.41,-0.04,0.13,-0.11,-0.90,0.43,9.75,0.02,0.05,-0.03,1.00,-0.06,0.06,0.00,1.58,27.81,100824.41,,235946.100,V,,,,,0.00
44,1.58,27.81,100823.80,-0.09,0.12,-0.07,-0.90,0.43,9.75,0.02,0.05,-0.03,1.00,0.00,0.00,0.13,1.58,27.81,100823.80,,235946.100,V,,,,,0.00
29,1.58,27.81,100823.19,-0.06,0.12,-0.07,-0.90,0.43,9.75,0.02,0.05,-0.03,1.00,0.06,0.19,-0.06,1.58,27.81,100823.19,,235946.100,V,,,,,0.00
15,1.58,27.81,100822.25,-0.05,0.13,0.00,-0.90,0.43,9.75,0.02,0.05,-0.03,1.00,0.13,-0.06,0.06,1.58,27.81,100822.25,,235946.100,V,,,,,0.00
255,1.58,27.81,100821.86,-0.05,0.13,0.00,-0.90,0.43,9.75,0.02,0.05,-0.03,1.00,0.00,0.00,0.06,1.58,27.81,100821.86,,235946.100,V,,,,,0.00
243,1.58,27.81,100823.52,-0.07,0.12,0.00,-0.90,0.43,9.75,0.02,0.05,-0.03,1.00,0.13,-0.06,-0.06,1.58,27.81,100823.52,,235946.100,V,,,,,0.00
229,1.58,27.81,100822.73,-0.09,0.12,-0.09,-0.90,0.43,9.75,0.02,0.05,-0.03,1.00,-0.06,0.06,-0.06,1.58,27.81,100822.73,,235946.100,V,,,,,0.00
214,1.58,27.81,100823.02,-0.06,0.11,-0.06,-0.90,0.43,9.75,0.02,0.05,-0.03,1.00,0.06,-0.13,0.13,1.58,27.81,100823.02,,235946.100,V,,,,,0.00
199,1.58,27.82,100823.30,-0.07,0.16,-0.04,-0.90,0.43,9.75,0.02,0.05,-0.03,1.00,-0.13,-0.13,-0.13,1.58,27.82,100823.30,,235946.100,V,,,,,0.00
188,1.58,27.82,100823.06,-0.09,0.11,-0.01,-0.90,0.43,9.75,0.02,0.05,-0.03,1.00,0.13,-0.06,-0.06,1.58,27.82,100823.06,,235946.100,V,,,,,0.00
174,1.58,27.82,100821.82,-0.07,0.13,-0.03,-0.90,0.43,9.75,0.02,0.05,-0.03,1.00,-0.13,0.00,0.13,1.58,27.82,100821.82,,235946.100,V,,,,,0.00
159,1.58,27.82,100822.25,-0.09,0.10,-0.03,-0.90,0.43,9.75,0.02,0.05,-0.03,1.00,0.00,-0.06,0.00,1.58,27.82,100822.25,,235946.100,V,,,,,0.00
144,1.58,27.81,100822.36,-0.06,0.14,-0.03,-0.90,0.43,9.75,0.02,0.05,-0.03,1.00,0.00,0.13,0.00,1.58,27.81,100822.36,,235946.100,V,,,,,0.00
134,1.58,27.81,100822.38,-0.10,0.12,-0.03,-0.90,0.43,9.75,0.02,0.05,-0.03,1.00,-0.06,0.06,0.00,1.58,27.81,100822.38,,235946.100,V,,,,,0.00
120,1.58,27.81,100822.98,-0.08,0.14,-0.04,-0.90,0.43,9.75,0.02,0.05,-0.03,1.00,-0.06,0.00,0.00,1.58,27.81,100822.98,,235946.100,V,,,,,0.00
105,1.58,27.81,100823.20,-0.09,0.13,-0.04,-0.90,0.43,9.75,0.02,0.05,-0.03,1.00,-0.06,0.13,-0.06,1.58,27.81,100823.20,,235946.100,V,,,,,0.00
91,1.58,27.81,100823.26,-0.06,0.11,-0.19,-0.90,0.43,9.75,0.02,0.05,-0.03,1.00,0.13,0.06,-0.19,1.58,27.81,100823.26,,235946.100,V,,,,,0.00
75,1.58,27.81,100822.38,-0.11,0.12,0.00,-0.90,0.43,9.75,0.02,0.05,-0.03,1.00,0.00,0.13,0.06,1.58,27.81,100822.38,,235946.100,V,,,,,0.00
63,1.58,27.81,100823.07,-0.05,0.12,-0.01,-0.90,0.43,9.75,0.02,0.05,-0.03,1.00,0.00,-0.13,0.00,1.58,27.81,100823.07,,235946.100,V,,,,,0.00
49,1.58,27.81,100823.73,-0.08,0.12,-0.03,-0.90,0.43,9.75,0.02,0.05,-0.03,1.00,-0.06,-0.06,0.06,1.58,27.81,100823.73,,235946.100,V,,,,,0.00
34,1.58,27.82,100822.84,-0.07,0.12,-0.10,-0.90,0.43,9.75,0.02,0.05,-0.03,1.00,0.19,-0.06,0.00,1.58,27.82,100822.84,,235946.100,V,,,,,0.00
19,1.58,27.82,100822.93,-0.09,0.13,-0.02,-0.90,0.43,9.75,0.02,0.05,-0.03,1.00,-0.13,-0.13,-0.19,1.58,27.82,100822.93,,235946.100,V,,,,,0.00
8,1.58,27.82,100822.15,-0.09,0.12,0.00,-0.90,0.43,9.75,0.02,0.05,-0.03,1.00,0.13,-0.19,0.00,1.58,27.82,100822.15,,235946.100,V,,,,,0.00
249,1.58,27.82,100822.27,-0.09,0.13,0.01,-0.90,0.43,9.75,0.02,0.05,-0.03,1.00,0.00,-0.13,0.00,1.58,27.82,100822.27,,235946.100,V,,,,,0.00
235,1.58,27.82,100822.01,-0.07,0.12,0.04,-0.90,0.43,9.75,0.02,0.05,-0.03,1.00,-0.06,0.06,0.00,1.58,27.82,100822.01,,235946.100,V,,,,,0.00
220,1.58,27.82,100821.63,-0.07,0.09,-0.12,-0.90,0.43,9.75,0.02,0.05,-0.03,1.00,0.00,0.19,0.00,1.58,27.82,100821.63,,235946.100,V,,,,,0.00
206,1.58,27.82,100822.86,-0.08,0.12,-0.04,-0.90,0.43,9.75,0.02,0.05,-0.03,1.00,-0.13,0.06,-0.06,1.58,27.82,100822.86,,235946.100,V,,,,,0.00
194,1.58,27.82,100822.48,-0.06,0.12,-0.01,-0.90,0.43,9.75,0.02,0.05,-0.03,1.00,0.06,0.06,0.00,1.58,27.82,100822.48,,235946.100,V,,,,,0.00
180,1.58,27.82,100822.66,-0.06,0.14,-0.06,-0.90,0.43,9.75,0.02,0.05,-0.03,1.00,0.00,-0.06,0.13,1.58,27.82,100822.66,,235946.100,V,,,,,0.00
165,1.58,27.82,100822.70,-0.10,0.12,0.07,-0.90,0.43,9.75,0.02,0.05,-0.03,1.00,0.13,-0.06,0.06,1.58,27.82,100822.70,,235946.100,V,,,,,0.00
149,1.58,27.82,100822.66,-0.08,0.12,0.00,-0.90,0.43,9.75,0.02,0.05,-0.03,1.00,-0.06,0.06,0.06,1.58,27.82,100822.66,,235946.100,V,,,,,0.00
135,1.58,27.82,100822.73,-0.09,0.12,0.00,-0.90,0.43,9.75,0.02,0.05,-0.03,1.00,0.06,0.19,-0.06,1.58,27.82,100822.73,,235946.100,V,,,,,0.00
123,1.58,27.82,100822.69,-0.07,0.16,-0.12,-0.90,0.43,9.75,0.02,0.05,-0.03,1.00,0.19,0.13,-0.13,1.58,27.82,100822.69,,235946.100,V,,,,,0.00
109,1.58,27.82,100823.86,-0.07,0.12,-0.08,-0.90,0.43,9.75,0.02,0.05,-0.03,1.00,0.06,-0.06,-0.06,1.58,27.82,100823.86,,235946.100,V,,,,,0.00
94,1.58,27.82,100822.16,-0.01,0.12,0.00,-0.90,0.43,9.75,0.02,0.05,-0.03,1.00,0.13,-0.25,0.13,1.58,27.82,100822.16,,235947.100,V,,,,,0.00
79,1.58,27.81,100822.43,-0.10,0.12,-0.03,-0.90,0.43,9.75,0.02,0.05,-0.03,1.00,0.00,0.00,0.00,1.58,27.81,100822.43,,235947.100,V,,,,,0.00
64,1.58,27.81,100822.91,-0.04,0.12,-0.01,-0.90,0.43,9.75,0.02,0.05,-0.03,1.00,-0.13,0.06,0.00,1.58,27.81,100822.91,,235947.100,V,,,,,0.00
52,1.58,27.81,100822.90,-0.09,0.12,-0.03,-0.90,0.43,9.75,0.02,0.05,-0.03,1.00,0.13,0.06,-0.06,1.58,27.81,100822.90,,235947.100,V,,,,,0.00
38,1.58,27.81,100822.70,-0.05,0.12,-0.04,-0.90,0.43,9.75,0.02,0.05,-0.03,1.00,-0.13,0.25,-0.13,1.58,27.81,100822.70,,235947.100,V,,,,,0.00
23,1.58,27.81,100821.28,-0.08,0.12,-0.05,-0.90,0.43,9.75,0.02,0.05,-0.03,1.00,-0.13,0.19,0.00,1.58,27.81,100821.28,,235947.100,V,,,,,0.00
8,1.58,27.81,100821.13,-0.03,0.11,-0.02,-0.90,0.43,9.75,0.02,0.05,-0.03,1.00,0.00,0.13,-0.06,1.58,27.81,100821.13,,235947.100,V,,,,,0.00
251,1.58,27.81,100821.52,-0.13,0.12,0.06,-0.90,0.43,9.75,0.02,0.05,-0.03,1.00,-0.06,0.00,-0.13,1.58,27.81,100821.52,,235947.100,V,,,,,0.00
236,1.58,27.81,100821.45,-0.05,0.11,-0.04,-0.90,0.43,9.75,0.02,0.05,-0.03,1.00,-0.06,-0.06,0.06,1.58,27.81,100821.45,,235947.100,V,,,,,0.00
223,1.58,27.81,100822.26,-0.13,0.12,-0.05,-0.90,0.43,9.75,0.02,0.05,-0.03,1.00,-0.13,-0.25,0.06,1.58,27.81,100822.26,,235947.100,V,,,,,0.00
208,1.58,27.81,100822.46,-0.03,0.12,-0.05,-0.90,0.43,9.75,0.02,0.05,-0.03,1.00,-0.06,-0.06,0.06,1.58,27.81,100822.46,,235947.100,V,,,,,0.00
193,1.58,27.81,100822.47,-0.09,0.12,-0.03,-0.90,0.43,9.75,0.02,0.05,-0.03,1.00,0.06,0.13,0.00,1.58,27.81,100822.47,,235947.100,V,,,,,0.00
183,1.58,27.81,100822.34,-0.07,0.12,-0.10,-0.90,0.43,9.75,0.02,0.05,-0.03,1.00,0.31,0.00,0.06,1.58,27.81,100822.34,,235947.100,V,,,,,0.00
169,1.58,27.81,100823.56,-0.09,0.13,-0.02,-0.90,0.43,9.75,0.02,0.05,-0.03,1.00,-0.13,0.06,-0.13,1.58,27.81,100823.56,,235947.100,V,,,,,0.00
154,1.58,27.81,100822.77,-0.08,0.11,-0.07,-0.90,0.43,9.75,0.02,0.05,-0.03,1.00,-0.13,0.13,0.00,1.58,27.81,100822.77,,235947.100,V,,,,,0.00
138,1.58,27.81,100823.02,-0.09,0.12,-0.02,-0.90,0.43,9.75,0.02,0.05,-0.03,1.00,0.06,0.13,0.00,1.58,27.81,100823.02,,235947.100,V,,,,,0.00
124,1.58,27.81,100822.86,-0.09,0.11,-0.08,-0.90,0.43,9.75,0.02,0.05,-0.03,1.00,0.00,0.06,0.06,1.58,27.81,100822.86,,235947.100,V,,,,,0.00
112,1.58,27.81,100822.59,-0.08,0.11,-0.03,-0.90,0.43,9.75,0.02,0.05,-0.03,1.00,-0.19,-0.13,0.06,1.58,27.81,100822.59,,235947.100,V,,,,,0.00
98,1.58,27.81,100822.77,-0.09,0.13,0.00,-0.90,0.43,9.75,0.02,0.05,-0.03,1.00,-0.13,0.06,-0.06,1.58,27.81,100822.77,,235947.100,V,,,,,0.00
83,1.58,27.81,100822.46,-0.08,0.12,-0.06,-0.90,0.43,9.75,0.02,0.05,-0.03,1.00,0.00,-0.06,0.13,1.58,27.81,100822.46,,235947.100,V,,,,,0.00
69,1.58,27.82,100821.83,-0.09,0.12,0.00,-0.90,0.43,9.75,0.02,0.05,-0.03,1.00,0.00,0.06,-0.06,1.58,27.82,100821.83,,235947.100,V,,,,,0.00
53,1.58,27.82,100821.68,-0.07,0.12,0.01,-0.90,0.43,9.75,0.02,0.05,-0.03,1.00,-0.13,-0.06,0.00,1.58,27.82,100821.68,,235947.100,V,,,,,0.00
41,1.58,27.82,100821.61,-0.09,0.13,-0.06,-0.90,0.43,9.75,0.02,0.05,-0.03,1.00,-0.19,0.13,0.13,1.58,27.82,100821.61,,235947.100,V,,,,,0.00
27,1.58,27.81,100821.92,-0.09,0.12,-0.04,-0.90,0.43,9.75,0.02,0.05,-0.03,1.00,0.13,0.19,0.00,1.58,27.81,100821.92,,235947.100,V,,,,,0.00
12,1.58,27.81,100822.37,-0.09,0.11,-0.05,-0.90,0.43,9.75,0.02,0.05,-0.03,1.00,0.13,-0.19,-0.06,1.58,27.81,100822.37,,235947.100,V,,,,,0.00
254,1.58,27.81,100824.11,-0.09,0.13,-0.02,-0.90,0.43,9.75,0.02,0.05,-0.03,1.00,-0.13,0.00,-0.06,1.58,27.81,100824.11,,235947.100,V,,,,,0.00
242,1.58,27.81,100822.69,-0.08,0.12,0.00,-0.90,0.43,9.75,0.02,0.05,-0.03,1.00,-0.06,-0.06,0.00,1.58,27.81,100822.69,,235947.100,V,,,,,0.00
227,1.58,27.82,100822.88,-0.07,0.12,-0.01,-0.90,0.43,9.75,0.02,0.05,-0.03,1.00,-0.06,-0.25,0.19,1.58,27.82,100822.88,,235947.100,V,,,,,0.00
213,1.58,27.82,100821.56,-0.08,0.11,-0.01,-0.90,0.43,9.75,0.02,0.05,-0.03,1.00,0.00,0.06,0.06,1.58,27.82,100821.56,,235947.100,V,,,,,0.00
198,1.58,27.82,100822.48,-0.09,0.12,-0.07,-0.90,0.43,9.75,0.02,0.05,-0.03,1.00,-0.06,0.31,-0.06,1.58,27.82,100822.48,,235947.100,V,,,,,0.00
187,1.58,27.82,100822.83,-0.08,0.12,-0.05,-0.90,0.43,9.75,0.02,0.05,-0.03,1.00,-0.06,-0.06,0.00,1.58,27.82,100822.83,,235947.100,V,,,,,0.00
173,1.58,27.81,100823.64,-0.09,0.10,-0.07,-0.90,0.43,9.75,0.02,0.05,-0.03,1.00,0.00,-0.06,0.00,1.58,27.81,100823.64,,235947.100,V,,,,,0.00
158,1.58,27.81,100823.68,-0.09,0.11,-0.07,-0.90,0.43,9.75,0.02,0.05,-0.03,1.00,0.00,0.13,0.00,1.58,27.81,100823.68,,235947.100,V,,,,,0.00
143,1.58,27.80,100824.06,-0.09,0.12,-0.01,-0.90,0.43,9.75,0.02,0.05,-0.03,1.00,0.13,-0.19,-0.06,1.58,27.80,100824.06,,235947.100,V,,,,,0.00
127,1.58,27.80,100822.95,-0.08,0.12,-0.02,-0.90,0.43,9.75,0.02,0.05,-0.03,1.00,-0.13,0.00,0.00,1.58,27.80,100822.95,,235947.100,V,,,,,0.00
114,1.58,27.80,100822.30,-0.07,0.12,-0.08,-0.90,0.43,9.75,0.02,0.05,-0.03,1.00,-0.06,0.06,0.13,1.58,27.80,100822.30,,235947.100,V,,,,,0.00
101,1.58,27.80,100822.79,-0.06,0.12,0.06,-0.90,0.43,9.75,0.02,0.05,-0.03,1.00,0.13,0.13,0.00,1.58,27.80,100822.79,,235947.100,V,,,,,0.00
86,1.58,27.80,100822.60,-0.11,0.12,-0.05,-0.90,0.43,9.75,0.02,0.05,-0.03,1.00,0.00,-0.13,-0.06,1.58,27.80,100822.60,,235947.100,V,,,,,0.00
72,1.58,27.80,100823.07,-0.09,0.12,-0.05,-0.90,0.43,9.75,0.02,0.05,-0.03,1.00,0.13,0.00,0.13,1.58,27.80,100823.07,,235947.100,V,,,,,0.00
58,1.58,27.80,100823.16,-0.06,0.11,0.00,-0.90,0.43,9.75,0.02,0.05,-0.03,1.00,0.00,0.00,-0.06,1.58,27.80,100823.16,,235947.100,V,,,,,0.00
45,1.58,27.80,100824.04,-0.10,0.12,-0.01,-0.90,0.43,9.75,0.02,0.05,-0.03,1.00,0.00,-0.06,-0.06,1.58,27.80,100824.04,,235947.100,V,,,,,0.00
31,1.58,27.79,100823.93,-0.07,0.10,-0.02,-0.90,0.43,9.75,0.02,0.05,-0.03,1.00,0.00,0.00,-0.06,1.58,27.79,100823.93,,235947.100,V,,,,,0.00
17,1.58,27.79,100823.66,-0.08,0.13,-0.03,-0.90,0.43,9.75,0.02,0.05,-0.03,1.00,0.00,-0.19,-0.06,1.58,27.79,100823.66,,235947.100,V,,,,,0.00
3,1.58,27.79,100822.78,-0.08,0.12,-0.03,-0.90,0.43,9.75,0.02,0.05,-0.03,1.00,-0.06,0.00,0.00,1.58,27.79,100822.78,,235947.100,V,,,,,0.00
247,1.58,27.79,100823.16,-0.08,0.14,-0.11,-0.90,0.43,9.75,0.02,0.05,-0.03,1.00,0.06,-0.06,0.00,1.58,27.79,100823.16,,235947.100,V,,,,,0.00
236,1.58,27.78,100822.71,-0.08,0.11,-0.02,-0.90,0.43,9.75,0.02,0.05,-0.03,1.00,-0.06,0.00,0.13,1.58,27.78,100822.71,,235947.100,V,,,,,0.00
223,1.58,27.78,100823.48,-0.08,0.12,0.00,-0.90,0.43,9.75,0.02,0.05,-0.03,1.00,0.00,-0.06,-0.06,1.58,27.78,100823.48,,235947.100,V,,,,,0.00
210,1.58,27.77,100823.55,-0.06,0.14,-0.04,-0.90,0.43,9.75,0.02,0.05,-0.03,1.00,0.13,-0.19,-0.06,1.58,27.77,100823.55,,235947.100,V,,,,,0.00
195,1.58,27.77,100823.20,-0.11,0.12,-0.10,-0.90,0.43,9.75,0.02,0.05,-0.03,1.00,0.06,0.06,0.00,1.58,27.77,100823.20,,235947.100,V,,,,,0.00
180,1.58,27.77,100823.57,-0.08,0.12,-0.02,-0.90,0.43,9.75,0.02,0.05,-0.03,1.00,0.00,-0.06,-0.06,1.58,27.77,100823.57,,235947.100,V,,,,,0.00
166,1.58,27.76,100824.05,-0.09,0.11,0.01,-0.90,0.43,9.75,0.02,0.05,-0.03,1.00,0.00,-0.19,0.06,1.58,27.76,100824.05,,235947.100,V,,,,,0.00
153,1.58,27.76,100824.52,-0.09,0.12,-0.03,-0.90,0.43,9.75,0.02,0.05,-0.03,1.00,0.00,-0.06,0.06,1.58,27.76,100824.52,,235948.100,V,,,,,0.00
140,1.58,27.76,100824.87,-0.08,0.13,-0.02,-0.90,0.43,9.75,0.02,0.05,-0.03,1.00,0.06,-0.13,0.00,1.58,27.76,100824.87,,235948.100,V,,,,,0.00
125,1.58,27.76,100824.80,-0.12,0.12,-0.09,-0.90,0.43,9.75,0.02,0.05,-0.03,1.00,-0.06,0.13,-0.06,1.58,27.76,100824.80,,235948.100,V,,,,,0.00
109,1.58,27.76,100824.22,-0.09,0.12,0.00,-0.90,0.43,9.75,0.02,0.05,-0.03,1.00,0.06,-0.13,0.06,1.58,27.76,100824.22,,235948.100,V,,,,,0.00
95,1.58,27.76,100823.72,-0.10,0.14,-0.01,-0.90,0.43,9.75,0.02,0.05,-0.03,1.00,0.00,-0.13,0.00,1.58,27.76,100823.72,,235948.100,V,,,,,0.00
83,1.58,27.76,100823.49,-0.05,0.12,-0.08,-0.90,0.43,9.75,0.02,0.05,-0.03,1.00,-0.06,0.00,-0.06,1.58,27.76,100823.49,,235948.100,V,,,,,0.00
69,1.58,27.76,100823.98,-0.08,0.12,-0.03,-0.90,0.43,9.75,0.02,0.05,-0.03,1.00,-0.06,0.06,0.00,1.58,27.76,100823.98,,235948.100,V,,,,,0.00
54,1.58,27.76,100823.09,-0.09,0.13,-0.05,-0.90,0.43,9.75,0.02,0.05,-0.03,1.00,0.06,0.19,0.00,1.58,27.76,100823.09,,235948.100,V,,,,,0.00
40,1.58,27.76,100823.27,-0.06,0.12,0.00,-0.90,0.43,9.75,0.02,0.05,-0.03,1.00,0.00,0.00,-0.06,1.58,27.76,100823.27,,235948.100,V,,,,,0.00
24,1.58,27.76,100823.77,-0.09,0.13,-0.07,-0.90,0.43,9.75,0.02,0.05,-0.03,1.00,0.00,0.13,0.00,1.58,27.76,100823.77,,235948.100,V,,,,,0.00
12,1.58,27.76,100823.39,-0.05,0.12,-0.03,-0.90,0.43,9.75,0.02,0.05,-0.03,1.00,0.19,-0.13,0.00,1.58,27.76,100823.39,,235948.100,V,,,,,0.00
254,1.58,27.76,100823.54,-0.08,0.12,-0.03,-0.90,0.43,9.75,0.02,0.05,-0.03,1.00,0.00,-0.06,0.06,1.58,27.76,100823.54,,235948.100,V,,,,,0.00
239,1.58,27.76,100823.48,-0.06,0.13,-0.19,-0.90,0.43,9.75,0.02,0.05,-0.03,1.00,0.00,-0.06,-0.06,1.58,27.76,100823.48,,235948.100,V,,,,,0.00
224,1.58,27.76,100822.43,-0.09,0.12,0.00,-0.90,0.43,9.75,0.02,0.05,-0.03,1.00,-0.13,0.00,0.06,1.58,27.76,100822.43,,235948.100,V,,,,,0.00
213,1.58,27.76,100823.80,-0.08,0.15,-0.06,-0.90,0.43,9.75,0.02,0.05,-0.03,1.00,0.00,0.00,0.13,1.58,27.76,100823.80,,235948.100,V,,,,,0.00
199,1.58,27.76,100823.80,-0.06,0.11,-0.03,-0.90,0.43,9.75,0.02,0.05,-0.03,1.00,0.06,-0.13,0.00,1.58,27.76,100823.80,,235948.100,V,,,,,0.00
184,1.58,27.76,100824.00,-0.02,0.12,-0.06,-0.90,0.43,9.75,0.02,0.05,-0.03,1.00,0.00,0.13,-0.13,1.58,27.76,100824.00,,235948.100,V,,,,,0.00
169,1.58,27.76,100823.37,-0.10,0.12,-0.01,-0.90,0.43,9.75,0.02,0.05,-0.03,1.00,-0.13,0.13,0.00,1.58,27.76,100823.37,,235948.100,V,,,,,0.00
155,1.58,27.75,100823.37,-0.06,0.11,-0.05,-0.90,0.43,9.75,0.02,0.05,-0.03,1.00,0.13,-0.06,-0.06,1.58,27.75,100823.37,,235948.100,V,,,,,0.00
143,1.58,27.75,100824.00,-0.08,0.13,-0.10,-0.90,0.43,9.75,0.02,0.05,-0.03,1.00,-0.06,0.13,-0.06,1.58,27.75,100824.00,,235948.100,V,,,,,0.00
129,1.58,27.75,100823.78,-0.06,0.13,0.00,-0.90,0.43,9.75,0.02,0.05,-0.03,1.00,0.00,0.13,-0.06,1.58,27.75,100823.78,,235948.100,V,,,,,0.00
114,1.58,27.75,100823.55,-0.09,0.12,0.00,-0.90,0.43,9.75,0.02,0.05,-0.03,1.00,0.00,-0.06,-0.06,1.58,27.75,100823.55,,235948.100,V,,,,,0.00
98,1.58,27.75,100823.94,-0.09,0.13,-0.04,-0.90,0.43,9.75,0.02,0.05,-0.03,1.00,0.00,0.13,-0.13,1.58,27.75,100823.94,,235948.100,V,,,,,0.00
84,1.58,27.75,100823.69,-0.11,0.11,-0.03,-0.90,0.43,9.75,0.02,0.05,-0.03,1.00,-0.06,0.00,-0.06,1.58,27.75,100823.69,,235948.100,V,,,,,0.00
72,1.58,27.75,100823.30,-0.04,0.13,-0.05,-0.90,0.43,9.75,0.02,0.05,-0.03,1.00,0.13,-0.13,-0.06,1.58,27.75,100823.30,,235948.100,V,,,,,0.00
58,1.58,27.75,100823.80,-0.09,0.11,-0.03,-0.90,0.43,9.75,0.02,0.05,-0.03,1.00,0.00,-0.06,-0.06,1.58,27.75,100823.80,,235948.100,V,,,,,0.00
43,1.58,27.75,100823.35,-0.08,0.14,-0.04,-0.90,0.43,9.75,0.02,0.05,-0.03,1.00,0.19,0.19,0.06,1.58,27.75,100823.35,,235948.100,V,,,,,0.00
32,1.58,27.75,100823.38,-0.08,0.13,0.05,-0.90,0.43,9.75,0.02,0.05,-0.03,1.00,-0.06,0.00,0.19,1.58,27.75,100823.38,,235948.100,V,,,,,0.00
17,1.58,27.75,100823.13,-0.06,0.11,0.01,-0.90,0.43,9.75,0.02,0.05,-0.03,1.00,0.13,-0.06,0.06,1.58,27.75,100823.13,,235948.100,V,,,,,0.00
3,1.58,27.76,100823.34,-0.08,0.12,-0.04,-0.90,0.43,9.75,0.02,0.05,-0.03,1.00,-0.13,0.00,0.06,1.58,27.76,100823.34,,235948.100,V,,,,,0.00
244,1.58,27.75,100823.59,-0.07,0.11,-0.05,-0.90,0.43,9.75,0.02,0.05,-0.03,1.00,-0.25,0.25,-0.13,1.58,27.75,100823.59,,235948.100,V,,,,,0.00
231,1.58,27.75,100824.18,-0.08,0.12,-0.04,-0.90,0.43,9.75,0.02,0.05,-0.03,1.00,0.06,0.00,-0.06,1.58,27.75,100824.18,,235948.100,V,,,,,0.00
219,1.58,27.75,100824.39,-0.06,0.12,-0.04,-0.90,0.43,9.75,0.02,0.05,-0.03,1.00,0.00,-0.06,-0.06,1.58,27.75,100824.39,,235948.100,V,,,,,0.00
205,1.58,27.74,100823.84,-0.11,0.12,0.00,-0.90,0.43,9.75,0.02,0.05,-0.03,1.00,0.00,0.06,0.06,1.58,27.74,100823.84,,235948.100,V,,,,,0.00
190,1.58,27.74,100823.81,-0.08,0.13,-0.05,-0.90,0.43,9.75,0.02,0.05,-0.03,1.00,0.06,0.19,0.00,1.58,27.74,100823.81,,235948.100,V,,,,,0.00
174,1.58,27.74,100823.36,-0.09,0.12,-0.04,-0.90,0.43,9.75,0.02,0.05,-0.03,1.00,-0.13,0.06,0.06,1.58,27.74,100823.36,,235948.100,V,,,,,0.00
160,1.58,27.74,100823.84,-0.07,0.12,-0.02,-0.90,0.43,9.75,0.02,0.05,-0.03,1.00,-0.13,0.19,0.00,1.58,27.74,100823.84,,235948.100,V,,,,,0.00
148,1.58,27.73,100823.20,-0.10,0.12,0.02,-0.90,0.43,9.75,0.02,0.05,-0.03,1.00,-0.13,0.00,0.06,1.58,27.73,100823.20,,235948.100,V,,,,,0.00
134,1.58,27.73,100824.03,-0.03,0.15,0.03,-0.90,0.43,9.75,0.02,0.05,-0.03,1.00,0.00,0.00,-0.06,1.58,27.73,100824.03,,235948.100,V,,,,,0.00
119,1.58,27.73,100824.20,-0.09,0.14,-0.03,-0.90,0.43,9.75,0.02,0.05,-0.03,1.00,0.00,0.00,0.13,1.58,27.73,100824.20,,235948.100,V,,,,,0.00
105,1.58,27.72,100822.99,-0.08,0.12,0.00,-0.90,0.43,9.75,0.02,0.05,-0.03,1.00,0.00,-0.25,0.06,1.58,27.72,100822.99,,235948.100,V,,,,,0.00
89,1.58,27.72,100824.15,-0.07,0.12,-0.04,-0.90,0.43,9.75,0.02,0.05,-0.03,1.00,0.13,-0.06,-0.06,1.58,27.72,100824.15,,235948.100,V,,,,,0.00
77,1.58,27.72,100823.59,-0.05,0.12,-0.04,-0.90,0.43,9.75,0.02,0.05,-0.03,1.00,0.00,0.00,0.13,1.58,27.72,100823.59,,235948.100,V,,,,,0.00
63,1.58,27.72,100823.95,-0.11,0.12,-0.04,-0.90,0.43,9.75,0.02,0.05,-0.03,1.00,-0.13,0.00,0.13,1.58,27.72,100823.95,,235948.100,V,,,,,0.00
48,1.58,27.72,100824.79,-0.08,0.13,-0.06,-0.90,0.43,9.75,0.02,0.05,-0.03,1.00,0.00,0.13,0.00,1.58,27.72,100824.79,,235948.100,V,,,,,0.00
34,1.58,27.72,100825.48,-0.11,0.12,0.00,-0.90,0.43,9.75,0.02,0.05,-0.03,1.00,0.13,-0.06,0.00,1.58,27.72,100825.48,,235948.100,V,,,,,0.00
22,1.58,27.71,100825.09,-0.07,0.12,-0.03,-0.90,0.43,9.75,0.02,0.05,-0.03,1.00,0.06,0.00,0.00,1.58,27.71,100825.09,,235948.100,V,,,,,0.00
7,1.58,27.71,100825.01,-0.16,0.12,0.04,-0.90,0.43,9.75,0.02,0.05,-0.03,1.00,-0.13,0.00,-0.13,1.58,27.71,100825.01,,235948.100,V,,,,,0.00
249,1.58,27.71,100825.44,-0.08,0.12,-0.08,-0.90,0.43,9.75,0.02,0.05,-0.03,1.00,0.06,-0.06,0.00,1.58,27.71,100825.44,,235948.100,V,,,,,0.00
234,1.58,27.70,100825.27,-0.10,0.12,-0.03,-0.90,0.43,9.75,0.02,0.05,-0.03,1.00,0.06,-0.06,0.00,1.58,27.70,100825.27,,235948.100,V,,,,,0.00
221,1.58,27.70,100824.88,-0.04,0.13,-0.07,-0.90,0.43,9.75,0.02,0.05,-0.03,1.00,0.25,0.06,0.00,1.58,27.70,100824.88,,235949.100,V,,,,,0.00
208,1.58,27.71,100823.83,-0.09,0.12,-0.02,-0.90,0.43,9.75,0.02,0.05,-0.03,1.00,0.00,-0.06,0.19,1.58,27.71,100823.83,,235949.100,V,,,,,0.00
194,1.58,27.70,100824.95,-0.07,0.12,-0.04,-0.90,0.43,9.75,0.02,0.05,-0.03,1.00,0.00,-0.06,0.00,1.58,27.70,100824.95,,235949.100,V,,,,,0.00
179,1.58,27.70,100824.96,-0.06,0.13,0.08,-0.90,0.43,9.75,0.02,0.05,-0.03,1.00,0.00,-0.13,0.00,1.58,27.70,100824.96,,235949.100,V,,,,,0.00
163,1.58,27.70,100825.68,-0.09,0.12,0.01,-0.90,0.43,9.75,0.02,0.05,-0.03,1.00,-0.13,0.13,0.19,1.58,27.70,100825.68,,235949.100,V,,,,,0.00
149,1.58,27.70,100824.59,-0.08,0.13,-0.09,-0.90,0.43,9.75,0.02,0.05,-0.03,1.00,0.00,-0.06,-0.06,1.58,27.70,100824.59,,235949.100,V,,,,,0.00
137,1.58,27.70,100824.80,-0.09,0.14,-0.03,-0.90,0.43,9.75,0.02,0.05,-0.03,1.00,-0.06,-0.06,-0.13,1.58,27.70,100824.80,,235949.100,V,,,,,0.00
123,1.58,27.70,100824.70,-0.08,0.11,-0.03,-0.90,0.43,9.75,0.02,0.05,-0.03,1.00,0.00,0.06,0.06,1.58,27.70,100824.70,,235949.100,V,,,,,0.00
111,1.58,27.69,100824.03,-0.05,0.10,-0.02,-0.90,0.43,9.75,0.02,0.05,-0.03,1.00,0.06,-0.25,0.06,1.58,27.69,100824.03,,235949.100,V,,,,,0.00
99,1.58,27.69,100825.09,-0.10,0.13,-0.01,-0.90,0.43,9.75,0.02,0.05,-0.03,1.00,0.13,-0.06,0.13,1.58,27.69,100825.09,,235949.100,V,,,,,0.00
84,1.58,27.69,100825.09,-0.03,0.12,-0.01,-0.90,0.43,9.75,0.02,0.05,-0.03,1.00,-0.06,-0.13,-0.06,1.58,27.69,100825.09,,235949.100,V,,,,,0.00
69,1.58,27.69,100825.88,-0.13,0.11,-0.05,-0.90,0.43,9.75,0.02,0.05,-0.03,1.00,0.13,0.19,0.06,1.58,27.69,100825.88,,235949.100,V,,,,,0.00
56,1.58,27.69,100825.70,-0.08,0.11,-0.03,-0.90,0.43,9.75,0.02,0.05,-0.03,1.00,0.00,-0.06,0.19,1.58,27.69,100825.70,,235949.100,V,,,,,0.00
44,1.58,27.69,100825.68,-0.09,0.13,-0.05,-0.90,0.43,9.75,0.02,0.05,-0.03,1.00,0.00,0.06,-0.06,1.58,27.69,100825.68,,235949.100,V,,,,,0.00
30,1.58,27.69,100824.47,-0.07,0.12,-0.05,-0.90,0.43,9.75,0.02,0.05,-0.03,1.00,0.06,0.06,-0.06,1.58,27.69,100824.47,,235949.100,V,,,,,0.00
15,1.58,27.69,100824.26,-0.08,0.11,0.00,-0.90,0.43,9.75,0.02,0.05,-0.03,1.00,0.06,-0.06,-0.06,1.58,27.69,100824.26,,235949.100,V,,,,,0.00
1,1.58,27.69,100823.86,-0.05,0.13,0.08,-0.90,0.43,9.75,0.02,0.05,-0.03,1.00,0.00,0.00,-0.06,1.58,27.69,100823.86,,235949.100,V,,,,,0.00
241,1.58,27.69,100823.55,-0.09,0.11,-0.03,-0.90,0.43,9.75,0.02,0.05,-0.03,1.00,0.13,0.06,0.06,1.58,27.69,100823.55,,235949.100,V,,,,,0.00
229,1.58,27.69,100824.23,-0.12,0.13,-0.03,-0.90,0.43,9.75,0.02,0.05,-0.03,1.00,-0.06,0.19,-0.06,1.58,27.69,100824.23,,235949.100,V,,,,,0.00
215,1.58,27.69,100825.13,-0.06,0.12,-0.07,-0.90,0.43,9.75,0.02,0.05,-0.03,1.00,0.13,0.13,-0.13,1.58,27.69,100825.13,,235949.100,V,,,,,0.00
200,1.58,27.69,100825.84,-0.01,0.12,-0.04,-0.90,0.43,9.75,0.02,0.05,-0.03,1.00,-0.06,0.06,0.06,1.58,27.69,100825.84,,235949.100,V,,,,,0.00
185,1.58,27.69,100825.88,-0.09,0.12,-0.10,-0.90,0.43,9.75,0.02,0.05,-0.03,1.00,0.00,-0.06,-0.06,1.58,27.69,100825.88,,235949.100,V,,,,,0.00
174,1.58,27.69,100825.42,-0.06,0.12,0.00,-0.90,0.43,9.75,0.02,0.05,-0.03,1.00,0.06,-0.06,0.00,1.58,27.69,100825.42,,235949.100,V,,,,,0.00
159,1.58,27.69,100826.24,-0.07,0.13,-0.05,-0.90,0.43,9.75,0.02,0.05,-0.03,1.00,0.06,0.00,-0.06,1.58,27.69,100826.24,,235949.100,V,,,,,0.00
145,1.58,27.69,100824.88,-0.04,0.12,-0.07,-0.90,0.43,9.75,0.02,0.05,-0.03,1.00,0.00,0.19,0.00,1.58,27.69,100824.88,,235949.100,V,,,,,0.00
130,1.58,27.69,100825.17,-0.05,0.12,-0.02,-0.90,0.43,9.75,0.02,0.05,-0.03,1.00,-0.06,0.19,0.00,1.58,27.69,100825.17,,235949.100,V,,,,,0.00
116,1.58,27.69,100824.50,-0.10,0.13,-0.03,-0.90,0.43,9.75,0.02,0.05,-0.03,1.00,0.00,0.06,0.06,1.58,27.69,100824.50,,235949.100,V,,,,,0.00
104,1.58,27.69,100825.50,-0.06,0.12,-0.04,-0.90,0.43,9.75,0.02,0.05,-0.03,1.00,-0.13,0.13,-0.13,1.58,27.69,100825.50,,235949.100,V,,,,,0.00
90,1.58,27.69,100825.65,-0.07,0.12,-0.07,-0.90,0.43,9.75,0.02,0.05,-0.03,1.00,0.06,-0.13,0.13,1.58,27.69,100825.65,,235949.100,V,,,,,0.00
75,1.58,27.69,100826.23,-0.05,0.13,-0.01,-0.90,0.43,9.75,0.02,0.05,-0.03,1.00,-0.06,0.00,-0.06,1.58,27.69,100826.23,,235949.100,V,,,,,0.00
59,1.58,27.68,100827.39,-0.06,0.14,-0.04,-0.90,0.43,9.75,0.02,0.05,-0.03,1.00,0.06,-0.06,0.00,1.58,27.68,100827.39,,235949.100,V,,,,,0.00
45,1.58,27.69,100826.05,-0.09,0.13,-0.03,-0.90,0.43,9.75,0.02,0.05,-0.03,1.00,0.13,-0.13,-0.06,1.58,27.69,100826.05,,235949.100,V,,,,,0.00
33,1.58,27.68,100825.28,-0.07,0.12,-0.09,-0.90,0.43,9.75,0.02,0.05,-0.03,1.00,0.06,0.19,0.00,1.58,27.68,100825.28,,235949.100,V,,,,,0.00
19,1.58,27.68,100826.23,-0.09,0.12,0.02,-0.90,0.43,9.75,0.02,0.05,-0.03,1.00,-0.06,0.06,0.13,1.58,27.68,100826.23,,235949.100,V,,,,,0.00
4,1.58,27.67,100825.51,-0.10,0.11,-0.02,-0.90,0.43,9.75,0.02,0.05,-0.03,1.00,-0.06,-0.19,-0.06,1.58,27.67,100825.51,,235949.100,V,,,,,0.00
246,1.58,27.67,100826.13,-0.08,0.12,0.06,-0.90,0.43,9.75,0.02,0.05,-0.03,1.00,0.13,-0.13,0.00,1.58,27.67,100826.13,,235949.100,V,,,,,0.00
230,1.58,27.67,100825.93,-0.10,0.12,0.02,-0.90,0.43,9.75,0.02,0.05,-0.03,1.00,-0.13,0.06,0.06,1.58,27.67,100825.93,,235949.100,V,,,,,0.00
218,1.58,27.67,100826.96,-0.06,0.12,-0.03,-0.90,0.43,9.75,0.02,0.05,-0.03,1.00,0.00,0.00,0.00,1.58,27.67,100826.96,,235949.100,V,,,,,0.00
204,1.58,27.67,100826.53,-0.09,0.12,-0.03,-0.90,0.43,9.75,0.02,0.05,-0.03,1.00,-0.06,0.25,0.00,1.58,27.67,100826.53,,235949.100,V,,,,,0.00
189,1.58,27.67,100826.30,-0.09,0.13,-0.08,-0.90,0.43,9.75,0.02,0.05,-0.03,1.00,0.06,-0.06,0.00,1.58,27.67,100826.30,,235949.100,V,,,,,0.00
174,1.58,27.67,100825.80,-0.07,0.12,-0.08,-0.90,0.43,9.75,0.02,0.05,-0.03,1.00,0.06,0.06,-0.06,1.58,27.67,100825.80,,235949.100,V,,,,,0.00
164,1.58,27.67,100825.66,-0.09,0.13,-0.03,-0.90,0.43,9.75,0.02,0.05,-0.03,1.00,0.06,0.00,-0.06,1.58,27.67,100825.66,,235949.100,V,,,,,0.00
149,1.58,27.67,100825.58,-0.09,0.11,0.00,-0.90,0.43,9.75,0.02,0.05,-0.03,1.00,0.00,-0.06,-0.06,1.58,27.67,100825.58,,235949.100,V,,,,,0.00
134,1.58,27.67,100824.87,-0.07,0.14,0.01,-0.90,0.43,9.75,0.02,0.05,-0.03,1.00,-0.13,-0.13,-0.06,1.58,27.67,100824.87,,235949.100,V,,,,,0.00
119,1.58,27.67,100825.09,-0.07,0.12,0.00,-0.90,0.43,9.75,0.02,0.05,-0.03,1.00,0.06,-0.06,0.00,1.58,27.67,100825.09,,235949.100,V,,,,,0.00
105,1.58,27.66,100824.34,-0.08,0.12,-0.05,-0.90,0.43,9.75,0.02,0.05,-0.03,1.00,0.06,0.06,-0.06,1.58,27.66,100824.34,,235949.100,V,,,,,0.00
93,1.58,27.66,100824.83,-0.06,0.13,0.00,-0.90,0.43,9.75,0.02,0.05,-0.03,1.00,-0.06,-0.13,-0.06,1.58,27.66,100824.83,,235949.100,V,,,,,0.00
79,1.58,27.66,100825.59,-0.09,0.13,0.00,-0.90,0.43,9.75,0.02,0.05,-0.03,1.00,0.19,0.13,-0.13,1.58,27.66,100825.59,,235949.100,V,,,,,0.00
64,1.58,27.66,100825.00,-0.07,0.12,-0.09,-0.90,0.43,9.75,0.02,0.05,-0.03,1.00,0.00,0.19,0.00,1.58,27.66,100825.00,,235949.100,V,,,,,0.00
48,1.58,27.67,100826.25,-0.09,0.12,-0.01,-0.90,0.43,9.75,0.02,0.05,-0.03,1.00,-0.19,-0.13,0.06,1.58,27.67,100826.25,,235949.100,V,,,,,0.00
34,1.58,27.67,100826.15,-0.04,0.14,-0.10,-0.90,0.43,9.75,0.02,0.05,-0.03,1.00,-0.13,0.00,-0.06,1.58,27.67,100826.15,,235949.100,V,,,,,0.00
21,1.58,27.66,100825.27,-0.16,0.13,-0.03,-0.90,0.43,9.75,0.02,0.05,-0.03,1.00,0.19,-0.06,0.06,1.58,27.66,100825.27,,235950.101,V,,,,,0.00
8,1.58,27.66,100825.08,-0.04,0.12,-0.11,-0.90,0.43,9.75,0.02,0.05,-0.03,1.00,0.00,0.00,0.06,1.58,27.66,100825.08,,235950.101,V,,,,,0.00
249,1.58,27.66,100826.22,-0.10,0.14,-0.04,-0.90,0.43,9.75,0.02,0.05,-0.03,1.00,0.13,0.00,0.00,1.58,27.66,100826.22,,235950.101,V,,,,,0.00
234,1.58,27.66,100825.83,-0.04,0.11,-0.06,-0.90,0.43,9.75,0.02,0.05,-0.03,1.00,0.06,-0.19,0.00,1.58,27.66,100825.83,,235950.101,V,,,,,0.00
219,1.58,27.66,100826.34,-0.07,0.14,-0.02,-0.90,0.43,9.75,0.02,0.05,-0.03,1.00,-0.06,0.00,0.06,1.58,27.66,100826.34,,235950.101,V,,,,,0.00
207,1.58,27.66,100826.66,-0.07,0.11,0.09,-0.90,0.43,9.75,0.02,0.05,-0.03,1.00,0.06,-0.06,-0.06,1.58,27.66,100826.66,,235950.101,V,,,,,0.00
193,1.58,27.66,100825.27,-0.06,0.13,-0.14,-0.90,0.43,9.75,0.02,0.05,-0.03,1.00,0.13,-0.19,0.06,1.58,27.66,100825.27,,235950.101,V,,,,,0.00
178,1.58,27.66,100824.63,-0.09,0.15,-0.10,-0.90,0.43,9.75,0.02,0.05,-0.03,1.00,-0.13,0.06,0.13,1.58,27.66,100824.63,,235950.101,V,,,,,0.00
163,1.58,27.66,100824.50,-0.06,0.12,-0.03,-0.90,0.43,9.75,0.02,0.05,-0.03,1.00,0.06,0.06,-0.06,1.58,27.66,100824.50,,235950.101,V,,,,,0.00
149,1.58,27.65,100824.44,-0.09,0.12,-0.06,-0.90,0.43,9.75,0.02,0.05,-0.03,1.00,-0.06,0.13,-0.06,1.58,27.65,100824.44,,235950.101,V,,,,,0.00
135,1.58,27.64,100824.51,-0.03,0.11,-0.08,-0.90,0.43,9.75,0.02,0.05,-0.03,1.00,0.06,0.13,0.06,1.58,27.64,100824.51,,235950.101,V,,,,,0.00
122,1.58,27.64,100824.81,-0.13,0.14,-0.01,-0.90,0.43,9.75,0.02,0.05,-0.03,1.00,-0.06,-0.13,0.00,1.58,27.64,100824.81,,235950.101,V,,,,,0.00
108,1.58,27.64,100824.63,-0.02,0.10,-0.10,-0.90,0.43,9.75,0.02,0.05,-0.03,1.00,0.00,0.13,0.00,1.58,27.64,100824.63,,235950.101,V,,,,,0.00
94,1.58,27.64,100823.92,-0.06,0.13,-0.02,-0.90,0.43,9.75,0.02,0.05,-0.03,1.00,0.06,-0.06,0.00,1.58,27.64,100823.92,,235950.101,V,,,,,0.00
81,1.58,27.64,100824.64,-0.06,0.10,-0.06,-0.90,0.43,9.75,0.02,0.05,-0.03,1.00,0.06,-0.06,0.13,1.58,27.64,100824.64,,235950.101,V,,,,,0.00
68,1.58,27.64,100824.86,-0.07,0.12,-0.02,-0.90,0.43,9.75,0.02,0.05,-0.03,1.00,-0.13,-0.13,0.06,1.58,27.64,100824.86,,235950.101,V,,,,,0.00
53,1.58,27.64,100824.53,-0.07,0.12,-0.09,-0.90,0.43,9.75,0.02,0.05,-0.03,1.00,0.13,-0.06,-0.06,1.58,27.64,100824.53,,235950.101,V,,,,,0.00
37,1.58,27.64,100824.82,-0.08,0.12,-0.03,-0.90,0.43,9.75,0.02,0.05,-0.03,1.00,0.13,0.19,0.00,1.58,27.64,100824.82,,235950.101,V,,,,,0.00
22,1.58,27.65,100824.93,-0.06,0.12,-0.04,-0.90,0.43,9.75,0.02,0.05,-0.03,1.00,0.00,-0.06,0.13,1.58,27.65,100824.93,,235950.101,V,,,,,0.00
9,1.58,27.65,100825.10,-0.06,0.12,-0.10,-0.90,0.43,9.75,0.02,0.05,-0.03,1.00,-0.13,0.13,-0.06,1.58,27.65,100825.10,,235950.101,V,,,,,0.00
252,1.58,27.65,100825.62,-0.09,0.14,-0.03,-0.90,0.43,9.75,0.02,0.05,-0.03,1.00,0.00,0.00,-0.13,1.58,27.65,100825.62,,235950.101,V,,,,,0.00
237,1.58,27.65,100824.73,-0.08,0.12,-0.02,-0.90,0.43,9.75,0.02,0.05,-0.03,1.00,-0.06,0.06,0.00,1.58,27.65,100824.73,,235950.101,V,,,,,0.00
223,1.58,27.65,100824.47,-0.09,0.12,0.00,-0.90,0.43,9.75,0.02,0.05,-0.03,1.00,0.06,0.00,0.00,1.58,27.65,100824.47,,235950.101,V,,,,,0.00
210,1.58,27.65,100824.36,-0.09,0.12,0.00,-0.90,0.43,9.75,0.02,0.05,-0.03,1.00,-0.06,-0.13,0.06,1.58,27.65,100824.36,,235950.101,V,,,,,0.00
198,1.58,27.65,100824.55,-0.10,0.13,-0.03,-0.90,0.43,9.75,0.02,0.05,-0.03,1.00,-0.06,-0.19,-0.06,1.58,27.65,100824.55,,235950.101,V,,,,,0.00
184,1.58,27.65,100825.17,-0.08,0.11,-0.02,-0.90,0.43,9.75,0.02,0.05,-0.03,1.00,0.00,0.06,0.06,1.58,27.65,100825.17,,235950.101,V,,,,,0.00
169,1.58,27.65,100824.56,-0.08,0.11,-0.05,-0.90,0.43,9.75,0.02,0.05,-0.03,1.00,0.00,0.06,0.00,1.58,27.65,100824.56,,235950.101,V,,,,,0.00
156,1.58,27.65,100824.70,-0.09,0.11,-0.03,-0.90,0.43,9.75,0.02,0.05,-0.03,1.00,-0.06,0.06,0.06,1.58,27.65,100824.70,,235950.101,V,,,,,0.00
143,1.58,27.65,100824.41,-0.08,0.12,-0.03,-0.90,0.43,9.75,0.02,0.05,-0.03,1.00,0.00,-0.06,0.00,1.58,27.65,100824.41,,235950.101,V,,,,,0.00
129,1.58,27.65,100824.56,-0.10,0.12,-0.01,-0.90,0.43,9.75,0.02,0.05,-0.03,1.00,-0.06,-0.13,0.13,1.58,27.65,100824.56,,235950.101,V,,,,,0.00
114,1.58,27.65,100823.68,-0.06,0.12,0.00,-0.90,0.43,9.75,0.02,0.05,-0.03,1.00,-0.06,0.06,0.06,1.58,27.65,100823.68,,235950.101,V,,,,,0.00
100,1.58,27.65,100823.87,-0.11,0.18,-0.41,-0.90,0.42,9.75,0.02,0.05,-0.03,1.00,6.19,2.69,-1.75,1.58,27.65,100823.87,,235950.101,V,,,,,0.00
88,1.58,27.65,100823.59,-0.08,0.11,-0.06,-0.90,0.43,9.75,0.02,0.05,-0.03,1.00,0.00,0.13,0.00,1.58,27.65,100823.59,,235950.101,V,,,,,0.00
74,1.58,27.65,100823.95,-0.07,0.13,-0.08,-0.90,0.43,9.75,0.02,0.05,-0.03,1.00,0.06,0.13,0.06,1.58,27.65,100823.95,,235950.101,V,,,,,0.00
59,1.58,27.64,100824.42,-0.42,0.09,-0.16,-0.90,0.44,9.75,0.02,0.05,-0.04,1.00,4.00,0.50,-21.19,1.58,27.64,100824.42,,235950.101,V,,,,,0.00
43,1.58,27.64,100824.52,1.48,-0.05,0.05,-0.90,0.44,9.75,0.03,0.04,-0.10,0.99,-28.94,-17.81,-65.37,1.58,27.64,100824.52,,235950.101,V,,,,,0.00
27,1.58,27.64,100824.40,-0.60,0.22,-0.44,-1.17,1.14,9.66,0.07,0.05,-0.20,0.98,4.06,0.88,-6.50,1.58,27.64,100824.40,,235950.101,V,,,,,0.00
13,1.58,27.64,100825.47,-0.49,-0.24,0.30,-0.90,0.45,9.75,0.03,0.04,-0.21,0.98,-105.81,-43.63,-5.62,1.58,27.64,100825.47,,235950.101,V,,,,,0.00
1,1.58,27.64,100824.88,0.27,0.58,-0.14,-0.73,0.00,9.77,0.01,0.04,-0.18,0.98,-3.19,-4.19,8.19,1.58,27.64,100824.88,,235950.101,V,,,,,0.00
243,1.58,27.64,100824.38,-0.96,0.19,-0.22,-0.92,0.50,9.74,0.03,0.04,-0.19,0.98,-4.19,-1.19,6.06,1.58,27.64,100824.38,,235950.101,V,,,,,0.00
227,1.58,27.64,100824.55,0.25,-0.05,-0.44,-0.99,0.69,9.73,0.04,0.04,-0.18,0.98,-4.69,-0.62,5.50,1.58,27.64,100824.55,,235950.101,V,,,,,0.00
212,1.58,27.64,100824.62,-0.14,-0.05,-0.08,-1.82,0.93,9.58,0.06,0.08,-0.18,0.98,25.44,8.38,1.75,1.58,27.64,100824.62,,235950.101,V,,,,,0.00
196,1.58,27.64,100824.01,-0.22,-0.22,0.11,-2.02,1.47,9.48,0.09,0.09,-0.19,0.97,12.69,2.87,3.62,1.58,27.64,100824.01,,235950.101,V,,,,,0.00
181,1.58,27.64,100823.66,-0.24,0.10,-0.42,-2.25,1.84,9.36,0.12,0.09,-0.20,0.97,-3.94,3.87,8.38,1.58,27.64,100823.66,,235950.101,V,,,,,0.00
170,1.58,27.63,100822.45,-0.59,-0.20,-0.03,-2.43,2.02,9.28,0.13,0.10,-0.19,0.97,-1.87,2.75,3.31,1.58,27.63,100822.45,,235950.101,V,,,,,0.00
156,1.58,27.63,100823.55,0.26,0.16,0.47,-2.54,2.01,9.25,0.13,0.11,-0.19,0.97,1.81,1.00,-0.37,1.58,27.63,100823.55,,235950.101,V,,,,,0.00
140,1.58,27.63,100822.52,-0.01,-0.01,-0.35,-2.61,2.27,9.17,0.14,0.11,-0.21,0.96,15.50,-3.87,-11.38,1.58,27.63,100822.52,,235950.101,V,,,,,0.00
125,1.58,27.63,100822.48,0.15,0.19,-0.14,-2.76,2.43,9.09,0.15,0.11,-0.22,0.96,18.81,10.81,-6.69,1.58,27.63,100822.48,,235950.101,V,,,,,0.00
