hours, minutes, seconds, microseconds, status, latitude, North/South, longitude, East/West
Initializing GPS
18,41,0,310265,,,,,
18,41,0,859092,,,,,
18,41,1,372090,,,,,
18,41,1,887086,,,,,
18,41,2,405090,,,,,
18,41,2,922004,,,,,
18,41,3,434094,,,,,
18,41,3,949091,,,,,
18,41,4,464092,,,,,
18,41,4,976092,,,,,
18,41,5,488092,,,,,
18,41,6,94,,,,,
18,41,6,512094,,,,,
18,41,7,25093,,,,,
18,41,7,537092,,,,,
18,41,8,52089,,,,,
18,41,8,562753,,,,,
18,41,9,75093,,,,,
18,41,9,587093,,,,,
18,41,10,99092,,,,,
18,41,10,611093,,,,,
18,41,11,125092,,,,,
18,41,11,641093,,,,,
18,41,12,153093,,,,,0
Initializing GPS
18,41,0,262041,,,,,
18,41,0,806092,,,,,
18,41,1,318092,,,,,
18,41,1,835092,,,,,
18,41,2,356091,,,,,
18,41,2,877102,,,,,
18,41,3,397094,,,,,
18,41,3,916092,,,,,
18,41,4,437091,,,,,
18,41,4,961082,,,,,
18,41,5,479091,,,,,
18,41,5,989443,,,,,
18,41,6,501095,,,,,
18,41,7,13092,,,,,
18,41,7,525093,,,,,
18,41,8,40091,,,,,
18,41,8,559092,,,,,
18,41,9,74456,,,,,
18,41,9,586094,,,,,
18,41,10,98094,,,,,
18,41,10,610094,,,,,
18,41,11,122095,,,,,
18,41,11,640093,,,,,
18,41,12,152094,,,,,
18,41,12,664093,,,,,
18,41,13,176093,,,,,
18,41,13,688091,V,,,,
18,41,14,200093,V,,,,
18,41,14,715093,V,,,,
18,41,15,227092,V,,,,
18,41,15,739090,V,,,,
18,41,16,252087,V,,,,
18,41,16,764094,V,,,,
18,41,17,276093,V,,,,
18,41,17,788094,V,,,,
18,41,18,303094,V,,,,
18,41,18,815094,V,,,,
18,41,19,327093,V,,,,
18,41,19,839093,V,,,,
18,41,20,351091,V,,,,
18,41,20,863093,V,,,,
18,41,21,378093,V,,,,
18,41,21,891091,V,,,,
18,41,22,403093,V,,,,
18,41,22,916090,V,,,,
18,41,23,437091,V,,,,
18,41,23,944456,V,,,,
18,41,24,456093,V,,,,
18,41,24,971101,V,,,,
18,41,25,483093,V,,,,
18,41,25,995093,V,,,,
18,41,26,507095,V,,,,
18,41,27,19091,V,,,,
18,41,27,531095,V,,,,
18,41,28,43094,V,,,,
18,41,28,558091,V,,,,
18,41,29,70095,V,,,,
18,41,29,582091,V,,,,
18,41,30,94093,V,,,,
18,41,30,614407,V,,,,
18,41,31,121454,3*36
,,,,
18,41,31,646093,3*36
,,,,
18,41,32,158094,3*36
,,,,
18,41,32,670092,3*36
,,,,
18,41,33,181091,3*36
,,,,
18,41,33,693091,3,1000*1D
,,,
18,41,34,205091,3,1000*1D
,,,
18,41,34,725091,3,1000*1D
,,,
18,41,35,237091,3,1000*1D
,,,
18,41,35,750092,3,1000*1D
,,,
18,41,36,263091,1*6C1000*1D
,1000*1D
,,,
18,41,36,779093,1*6C1000*1D
,1000*1D
,,,
18,41,37,292085,1*6C1000*1D
,1000*1D
,,,
18,41,37,804094,1*6C1000*1D
,1000*1D
,,,
18,41,38,318851,1*6C1000*1D
,1000*1D
,,,
18,41,38,836092,1*6C1000*1D
,1000*1D
,,,
18,41,39,345003,1*6C1000*1D
,1000*1D
,,,
18,41,39,858094,1*6C1000*1D
,1000*1D
,,,
18,41,40,371091,1*6C1000*1D
,1000*1D
,,,
18,41,40,884093,1*6C1000*1D
,1000*1D
,,,
18,41,41,399093,V,,,,
18,41,41,916093,V,,,,
18,41,42,429093,V,,,,
18,41,42,942094,V,,,,
18,41,43,455091,V,,,,
18,41,43,968093,V,,,,
18,41,44,481091,V,,,,
18,41,44,998090,V,,,,
18,41,45,511091,V,,,,
18,41,46,37092,V,,,,
18,41,46,552790,V,,,,
18,41,47,66093,0027,PA1010D,1.0*76
,,
18,41,47,579094,0027,PA1010D,1.0*76
,,
18,41,48,92093,0027,PA1010D,1.0*76
,,
18,41,48,608094,0027,PA1010D,1.0*76
,,
18,41,49,121092,0027,PA1010D,1.0*76
,,
18,41,49,634093,0027,PA1010D,1.0*76
,,
18,41,50,149093,0027,PA1010D,1.0*76
,,
18,41,50,666093,0027,PA1010D,1.0*76
,,
18,41,51,179092,0027,PA1010D,1.0*76
,,
18,41,51,695091,0027,PA1010D,1.0*76
,,
18,41,52,208093,V,,,,
18,41,52,721091,V,,,,
18,41,53,234090,V,,,,
18,41,53,747090,V,,,,
18,41,54,258006,V,,,,
18,41,54,774096,V,,,,
18,41,55,290093,V,,,,
18,41,55,803093,V,,,,
18,41,56,316094,V,,,,
18,41,56,829094,V,,,,
18,41,57,342093,V,,,,
18,41,57,855093,V,,,,
18,41,58,371093,V,,,,
18,41,58,885091,V,,,,
18,41,59,398096,V,,,,
18,41,59,911093,V,,,,
18,42,0,425090,V,,,,
18,42,0,938090,V,,,,
18,42,1,458092,V,,,,
18,42,1,970008,V,,,,
18,42,2,483094,V,,,,
18,42,2,996091,V,,,,
18,42,3,509096,V,,,,
18,42,4,22095,V,,,,
18,42,4,535091,V,,,,
18,42,5,51090,V,,,,
18,42,5,564095,V,,,,
18,42,6,77091,V,,,,
18,42,6,590091,V,,,,
18,42,7,103095,V,,,,
18,42,7,616091,V,,,,
18,42,8,129090,V,,,,
18,42,8,645090,V,,,,
18,42,9,157039,V,,,,
18,42,9,676092,V,,,,
18,42,10,189095,V,,,,
18,42,10,701095,V,,,,
18,42,11,214094,V,,,,
18,42,11,726093,V,,,,
18,42,12,242093,V,,,,
18,42,12,760094,V,,,,
18,42,13,272093,V,,,,
18,42,13,785091,V,,,,
18,42,14,298094,V,,,,
18,42,14,811092,V,,,,
18,42,15,328094,V,,,,
18,42,15,845092,V,,,,
18,42,16,366093,V,,,,
18,42,16,878005,V,,,,
18,42,17,393094,V,,,,
18,42,17,906093,V,,,,
18,42,18,419091,V,,,,
18,42,18,938094,V,,,,
18,42,19,451093,V,,,,
18,42,19,964091,V,,,,
18,42,20,477093,V,,,,
18,42,20,990094,V,,,,
18,42,21,503095,V,,,,
18,42,22,19093,V,,,,
18,42,22,532091,V,,,,
18,42,23,45093,V,,,,
18,42,23,558090,V,,,,
18,42,24,71090,V,,,,
18,42,24,585627,V,,,,
18,42,25,101095,V,,,,
18,42,25,617096,V,,,,
18,42,26,130093,V,,,,
18,42,26,643096,V,,,,
18,42,27,156092,V,,,,
18,42,27,669093,V,,,,
18,42,28,185092,V,,,,
18,42,28,701096,V,,,,
18,42,29,214091,V,,,,
18,42,29,727093,V,,,,
18,42,30,240093,V,,,,
18,42,30,753090,V,,,,
18,42,31,266090,V,,,,
18,42,31,780091,V,,,,
18,42,32,294972,V,,,,
18,42,32,811094,V,,,,
18,42,33,325093,V,,,,
18,42,33,841093,V,,,,
18,42,34,354093,V,,,,
18,42,34,867094,V,,,,
18,42,35,383093,V,,,,
18,42,35,897093,V,,,,
18,42,36,410094,V,,,,
18,42,36,925093,V,,,,
18,42,37,441094,V,,,,
18,42,37,955091,V,,,,
18,42,38,468091,V,,,,
18,42,38,984092,V,,,,
18,42,39,500091,V,,,,
18,42,40,11454,V,,,,
18,42,40,525093,V,,,,
18,42,41,38091,V,,,,
18,42,41,551095,V,,,,
18,42,42,67095,V,,,,
18,42,42,583096,V,,,,
18,42,43,97093,V,,,,
18,42,43,610092,V,,,,
18,42,44,123093,V,,,,
18,42,44,636093,V,,,,
18,42,45,149093,V,,,,
18,42,45,665093,V,,,,
18,42,46,178090,V,,,,
18,42,46,691093,V,,,,
18,42,47,201688,V,,,,
18,42,47,715092,V,,,,
18,42,48,230092,V,,,,
18,42,48,743094,V,,,,
18,42,49,263092,V,,,,
18,42,49,777095,V,,,,
18,42,50,290092,V,,,,
18,42,50,803091,V,,,,
18,42,51,321091,V,,,,
18,42,51,832443,V,,,,
18,42,52,368086,V,,,,
18,42,52,882005,V,,,,
18,42,53,396090,V,,,,
18,42,53,909091,V,,,,
18,42,54,424090,V,,,,
18,42,54,938035,V,,,,
18,42,55,451094,V,,,,
18,42,55,967094,V,,,,
18,42,56,480094,V,,,,
18,42,56,993093,V,,,,
18,42,57,506095,V,,,,
18,42,58,19094,V,,,,
18,42,58,532095,V,,,,
18,42,59,49095,V,,,,
18,42,59,562095,V,,,,
18,43,0,75092,V,,,,
18,43,0,588828,V,,,,
18,43,1,107093,V,,,,
18,43,1,623091,V,,,,
18,43,2,136090,V,,,,
18,43,2,653045,V,,,,
18,43,3,166093,V,,,,
18,43,3,679094,V,,,,
18,43,4,195093,V,,,,
18,43,4,708094,V,,,,
18,43,5,227094,V,,,,
18,43,5,743094,V,,,,
18,43,6,256091,V,,,,
18,43,6,769091,V,,,,
18,43,7,282093,V,,,,
18,43,7,795093,V,,,,
18,43,8,308091,V,,,,
18,43,8,821091,V,,,,
18,43,9,337090,V,,,,
18,43,9,856090,V,,,,
18,43,10,378095,V,,,,
18,43,10,891008,V,,,,
18,43,11,404093,V,,,,
18,43,11,917093,V,,,,
18,43,12,430093,V,,,,
18,43,12,946093,V,,,,
18,43,13,463093,V,,,,
18,43,13,976093,V,,,,
18,43,14,494095,V,,,,
18,43,15,7096,V,,,,
18,43,15,520090,V,,,,
18,43,16,36092,V,,,,
18,43,16,549095,V,,,,
18,43,17,62092,V,,,,
18,43,17,575091,V,,,,
18,43,18,89090,V,,,,
18,43,18,599083,V,,,,
18,43,19,121096,V,,,,
18,43,19,634093,V,,,,
18,43,20,147094,V,,,,
18,43,20,660093,V,,,,
18,43,21,173093,V,,,,
18,43,21,686092,V,,,,
18,43,22,199094,V,,,,
18,43,22,715094,V,,,,
18,43,23,228093,V,,,,
18,43,23,747093,V,,,,
18,43,24,263092,V,,,,
18,43,24,776091,V,,,,
18,43,25,289091,V,,,,
18,43,25,810094,V,,,,
18,43,26,325993,V,,,,
18,43,26,839093,V,,,,
18,43,27,352091,V,,,,
18,43,27,865091,V,,,,
18,43,28,383091,V,,,,
18,43,28,896091,V,,,,
18,43,29,414094,V,,,,
18,43,29,927092,V,,,,
18,43,30,440092,V,,,,
18,43,30,953094,V,,,,
18,43,31,466093,V,,,,
18,43,31,979085,V,,,,
18,43,32,491516,V,,,,
18,43,33,10570,V,,,,
18,43,33,521437,V,,,,
18,43,34,35094,V,,,,
18,43,34,548095,V,,,,
18,43,35,64094,V,,,,
18,43,35,578095,V,,,,
18,43,36,95093,V,,,,
18,43,36,611094,V,,,,
18,43,37,125093,V,,,,
18,43,37,642102,V,,,,
18,43,38,155148,V,,,,
18,43,38,668093,V,,,,
18,43,39,181093,V,,,,
18,43,39,697094,V,,,,
18,43,40,210094,V,,,,
18,43,40,723091,V,,,,
18,43,41,236090,V,,,,
18,43,41,749088,V,,,,
18,43,42,262093,V,,,,
18,43,42,774094,V,,,,
18,43,43,290094,V,,,,
18,43,43,803093,V,,,,
18,43,44,316094,V,,,,
18,43,44,829093,V,,,,
18,43,45,342091,V,,,,
18,43,45,855094,V,,,,
18,43,46,371094,V,,,,
18,43,46,884093,V,,,,
18,43,47,397093,V,,,,
18,43,47,911091,V,,,,
18,43,48,425090,V,,,,
18,43,48,948092,V,,,,
18,43,49,466746,V,,,,
18,43,49,981093,V,,,,
18,43,50,494094,V,,,,
18,43,51,7095,V,,,,
18,43,51,520096,V,,,,
18,43,52,33096,V,,,,
18,43,52,546095,V,,,,
18,43,53,62095,V,,,,
18,43,53,575094,V,,,,
18,43,54,91093,V,,,,
18,43,54,605090,V,,,,
18,43,55,118092,V,,,,
18,43,55,631090,V,,,,
18,43,56,150090,V,,,,
18,43,56,671094,V,,,,
18,43,57,182453,V,,,,
18,43,57,695093,V,,,,
18,43,58,208093,V,,,,
18,43,58,721091,V,,,,
18,43,59,234093,V,,,,
18,43,59,753094,V,,,,
18,44,0,266093,V,,,,
18,44,0,779092,V,,,,
18,44,1,292094,V,,,,
18,44,1,807091,V,,,,
18,44,2,320122,V,,,,
18,44,2,833091,V,,,,
18,44,3,349093,V,,,,
18,44,3,861652,V,,,,
18,44,4,373455,V,,,,
18,44,4,887093,V,,,,
18,44,5,400093,V,,,,
18,44,5,913093,V,,,,
18,44,6,429093,V,,,,
18,44,6,942093,V,,,,
18,44,7,454092,V,,,,
18,44,7,967093,V,,,,
18,44,8,480091,V,,,,
18,44,8,993091,V,,,,
18,44,9,506093,V,,,,
18,44,10,22094,V,,,,
18,44,10,534094,V,,,,
18,44,11,48753,V,,,,
18,44,11,558101,V,,,,
18,44,12,72095,V,,,,
18,44,12,585094,V,,,,
18,44,13,101094,V,,,,
18,44,13,614094,V,,,,
18,44,14,129094,V,,,,
18,44,14,642094,V,,,,
18,44,15,158092,V,,,,
18,44,15,671091,V,,,,
18,44,16,184091,V,,,,
18,44,16,700091,V,,,,
18,44,17,213093,V,,,,
18,44,17,726095,V,W,0.25,74.19,040525
18,44,18,239090,08637.0033,W,0.25,74.19,040525
18,44,18,752090,08637.0033,W,0.25,74.19,040525
18,44,19,265036,08637.0033,W,0.25,74.19,040525
18,44,19,787093,08637.0033,W,0.25,74.19,040525
18,44,20,303095,08637.0033,W,0.25,74.19,040525
18,44,20,816094,08637.0033,W,0.25,74.19,040525
18,44,21,329092,08637.0033,W,0.25,74.19,040525
18,44,21,845091,08637.0033,W,0.25,74.19,040525
18,44,22,358093,08637.0033,W,0.25,74.19,040525
18,44,22,881094,08637.0033,W,0.25,74.19,040525
18,44,23,411093,08637.0033,W,0.25,74.19,040525
18,44,23,924093,08637.0033,W,0.25,74.19,040525
18,44,24,437091,08637.0033,W,0.25,74.19,040525
18,44,24,950150,08637.0033,W,N,08637.0033,W
18,44,25,463109,A,3453.8194,N,08637.0033,W
18,44,25,976162,A,3453.8194,N,08637.0033,W
18,44,26,487075,A,3453.8194,N,08637.0033,W
18,44,27,3095,A,3453.8194,N,08637.0033,W
18,44,27,516094,A,3453.8194,N,08637.0033,W
18,44,28,31093,A,3453.8194,N,08637.0033,W
18,44,28,544095,MTKGPS*08
,3453.8194,N,08637.0033,W
18,44,29,57095,MTKGPS*08
,3453.8194,N,08637.0033,W
18,44,29,570093,MTKGPS*08
,3453.8194,N,08637.0033,W
18,44,30,89093,MTKGPS*08
,3453.8194,N,08637.0033,W
18,44,30,605093,MTKGPS*08
,3453.8194,N,08637.0033,W
18,44,31,118093,MTKGPS*08
,3453.8194,N,08637.0033,W
18,44,31,632093,MTKGPS*08
,3453.8194,N,08637.0033,W
18,44,32,145093,MTKGPS*08
,3453.8194,N,08637.0033,W
18,44,32,658116,MTKGPS*08
,3453.8194,N,08637.0033,W
18,44,33,175090,MTKGPS*08
,3453.8194,N,08637.0033,W
18,44,33,697092,MTKGPS*08
,3453.8194,N,08637.0033,W
18,44,34,210008,MTKGPS*08
,3453.8194,N,08637.0033,W
18,44,34,723091,MTKGPS*08
,3453.8194,N,08637.0033,W
18,44,35,236093,MTKGPS*08
,3453.8194,N,08637.0033,W
18,44,35,752093,MTKGPS*08
,3453.8194,N,08637.0033,W
18,44,36,265091,MTKGPS*08
,3453.8194,N,08637.0033,W
18,44,36,778096,MTKGPS*08
,3453.8194,N,08637.0033,W
18,44,37,291094,MTKGPS*08
,3453.8194,N,08637.0033,W
18,44,37,812093,MTKGPS*08
,3453.8194,N,08637.0033,W
18,44,38,325094,MTKGPS*08
,3453.8194,N,08637.0033,W
18,44,38,838091,MTKGPS*08
,3453.8194,N,08637.0033,W
18,44,39,351093,MTKGPS*08
,3453.8194,N,,
18,44,39,864091,V,,,,
18,44,40,379092,V,,,,
18,44,40,895090,V,,,,
18,44,41,407041,V,,,,
18,44,41,920096,V,,,,
18,44,42,433091,V,,,,
18,44,42,946091,V,,,,
18,44,43,459091,V,,,,
18,44,43,972095,V,,,,
18,44,44,488094,V,,,,
18,44,45,69,V,,,,
18,44,45,513095,V,,,,
18,44,46,26091,V,,,,
18,44,46,539096,V,,,,
18,44,47,54094,V,,,,
18,44,47,570095,V,,,,
18,44,48,83090,V,,,,
18,44,48,596090,V,,,,
18,44,49,117094,V,,,,$PMTK011
18,44,49,629456,V,,,,$PMTK011
18,44,50,142092,V,,,,$PMTK011
18,44,50,655094,V,,,,$PMTK011
18,44,51,171092,V,,,,$PMTK011
18,44,51,687093,V,,,,$PMTK011
18,44,52,200094,V,,,,$PMTK011
18,44,52,713094,V,,,,$PMTK011
18,44,53,226093,V,,,,$PMTK011
18,44,53,739091,V,,,,$PMTK011
18,44,54,252091,V,,,,$PMTK011
18,44,54,765091,V,,,,$PMTK011
18,44,55,281092,V,,,,$PMTK011
18,44,55,794092,V,,,,$PMTK011
18,44,56,308090,V,,,,$PMTK011
18,44,56,825035,V,,,,$PMTK011
18,44,57,338093,V,,,,$PMTK011
18,44,57,851093,V,,,,$PMTK011
18,44,58,370094,V,,,,$PMTK011
18,44,58,883093,V,,,,$PMTK011
18,44,59,396096,V,,,,$PMTK011
18,44,59,909093,V,,,,$PMTK011
18,45,0,423093,V,,,,
18,45,0,937094,V,,,,
18,45,1,450091,V,,,,
18,45,1,966091,V,,,,
18,45,2,479093,V,,,,
18,45,2,992093,V,,,,
18,45,3,507090,V,,,,
18,45,4,23091,V,,,,
18,45,4,536632,V,,,,
18,45,5,50095,V,,,,
18,45,5,566094,V,,,,
18,45,6,79095,V,,,,
18,45,6,592096,V,,,,
18,45,7,105095,V,,,,
18,45,7,620092,V,,,,
18,45,8,133093,V,,,,
18,45,8,649093,V,,,,
18,45,9,162093,V,,,,
18,45,9,675096,V,,,,
18,45,10,188090,V,,,,
18,45,10,701096,V,,,,
18,45,11,214090,V,,,,
18,45,11,731093,V,,,,
18,45,12,245124,V,,,,
18,45,12,764091,V,,,,
18,45,13,277093,V,,,,
18,45,13,790092,V,,,,
18,45,14,303091,V,,,,
18,45,14,816091,V,,,,
18,45,15,332093,V,,,,
18,45,15,845093,V,,,,
18,45,16,358094,V,,,,
18,45,16,871094,V,,,,
18,45,17,385092,V,,,,
18,45,17,898094,V,,,,
18,45,18,410091,V,,,,
18,45,18,926091,V,,,,
18,45,19,439815,V,,,,
18,45,19,955093,V,,,,
18,45,20,468093,A,3$PMTK011,MTKGPS*08
,,
18,45,20,981093,A,3$PMTK011,MTKGPS*08
,,
18,45,21,496091,A,3$PMTK011,MTKGPS*08
,,
18,45,22,16091,A,3$PMTK011,MTKGPS*08
,,
18,45,22,529094,A,3$PMTK011,MTKGPS*08
,,
18,45,23,40055,A,3$PMTK011,MTKGPS*08
,,
18,45,23,554094,A,3$PMTK011,MTKGPS*08
,,
18,45,24,68093,MTKGPS*08
,3$PMTK011,MTKGPS*08
,,
18,45,24,581091,MTKGPS*08
,3$PMTK011,MTKGPS*08
,,
18,45,25,94092,MTKGPS*08
,3$PMTK011,MTKGPS*08
,,
18,45,25,610091,MTKGPS*08
,3$PMTK011,MTKGPS*08
,,
18,45,26,127090,MTKGPS*08
,3$PMTK011,MTKGPS*08
,,
18,45,26,640090,MTKGPS*08
,3$PMTK011,MTKGPS*08
,,
18,45,27,148008,MTKGPS*08
,3$PMTK011,MTKGPS*08
,,
18,45,27,661094,MTKGPS*08
,3$PMTK011,MTKGPS*08
,,
18,45,28,174094,MTKGPS*08
,3$PMTK011,MTKGPS*08
,,
18,45,28,690094,MTKGPS*08
,3$PMTK011,MTKGPS*08
,,
18,45,29,203092,MTKGPS*08
,3$PMTK011,MTKGPS*08
,,
18,45,29,719094,MTKGPS*08
,3$PMTK011,MTKGPS*08
,,
18,45,30,232094,MTKGPS*08
,3$PMTK011,MTKGPS*08
,,
18,45,30,745093,MTKGPS*08
,3$PMTK011,MTKGPS*08
,,
18,45,31,272093,MTKGPS*08
,3$PMTK011,MTKGPS*08
,,
18,45,31,786093,MTKGPS*08
,3$PMTK011,MTKGPS*08
,,
18,45,32,299096,MTKGPS*08
,3$PMTK011,MTKGPS*08
,,
18,45,32,815092,MTKGPS*08
,3$PMTK011,MTKGPS*08
,,
18,45,33,328092,MTKGPS*08
,3$PMTK011,MTKGPS*08
,,
18,45,33,841090,MTKGPS*08
,3$PMTK011,MTKGPS*08
,,
18,45,34,354090,MTKGPS*08
,3$PMTK011,MTKGPS*08
,,
18,45,34,866624,MTKGPS*08
,3$PMTK011,MTKGPS*08
,,
18,45,35,380094,MTKGPS*08
,3$PMTK011,MTKGPS*08
,,
18,45,35,897094,MTKGPS*08
,3$PMTK011,MTKGPS*08
,,
18,45,36,413096,MTKGPS*08
,3$PMTK011,MTKGPS*08
,,
18,45,36,927093,MTKGPS*08
,3$PMTK011,MTKGPS*08
,,
18,45,37,440093,MTKGPS*08
,3$PMTK011,MTKGPS*08
,,
18,45,37,953093,MTKGPS*08
,,,,
18,45,38,466093,V,,,,
18,45,38,979096,V,,,,
18,45,39,495093,V,,,,
18,45,40,8095,V,,,,
18,45,40,521175,V,,,,
18,45,41,34091,V,,,,
18,45,41,547093,MTKGPS*08
,,,,
18,45,42,60093,MTKGPS*08
,,,,
18,45,42,572797,MTKGPS*08
,,,,
18,45,43,96093,MTKGPS*08
,,,,
18,45,43,609093,MTKGPS*08
,,,,
18,45,44,125093,MTKGPS*08
,,,,
18,45,44,638093,MTKGPS*08
,,,,
18,45,45,151093,MTKGPS*08
,,,,
18,45,45,664093,MTKGPS*08
,,,,
18,45,46,177093,MTKGPS*08
,,,,
18,45,46,693093,MTKGPS*08
,,,,
18,45,47,212093,MTKGPS*08
,,,,
18,45,47,725091,MTKGPS*08
,,,,
18,45,48,238093,MTKGPS*08
,,,,
18,45,48,753093,MTKGPS*08
,,,,
18,45,49,266090,MTKGPS*08
,,,,
18,45,49,778715,MTKGPS*08
,,,,
18,45,50,292642,MTKGPS*08
,,,,
18,45,50,805094,MTKGPS*08
,,,,
18,45,51,318093,MTKGPS*08
,,,,
18,45,51,831093,MTKGPS*08
,,,,
18,45,52,344793,MTKGPS*08
,,,,
18,45,52,859093,MTKGPS*08
,,,,
18,45,53,372094,MTKGPS*08
,,,,
18,45,53,888093,MTKGPS*08
,,,,
18,45,54,401091,MTKGPS*08
,,,,
18,45,54,914094,MTKGPS*08
,,,,
18,45,55,427091,MTKGPS*08
,,,,
18,45,55,940092,V,,,,
18,45,56,453095,V,,,,
18,45,56,966090,V,,,,
18,45,57,482091,V,,,,
18,45,57,992008,V,,,,
18,45,58,505096,V,,,,
18,45,59,23093,MTKGPS*08
,,,,
18,45,59,536095,MTKGPS*08
,,,,
18,46,0,49095,MTKGPS*08
,,,,
18,46,0,565095,MTKGPS*08
,,,,
18,46,1,78093,MTKGPS*08
,,,,
18,46,1,596093,MTKGPS*08
,,,,
18,46,2,109095,MTKGPS*08
,,,,
18,46,2,622094,MTKGPS*08
,,,,
18,46,3,135092,MTKGPS*08
,,,,
18,46,3,651093,MTKGPS*08
,,,,
18,46,4,167090,MTKGPS*08
,,,,
18,46,4,680090,MTKGPS*08
,,,,
18,46,5,194091,MTKGPS*08
,,,,
18,46,5,705008,MTKGPS*08
,,,,
18,46,6,218093,MTKGPS*08
,,,,
18,46,6,731093,MTKGPS*08
,,,,
18,46,7,247093,MTKGPS*08
,,,,
18,46,7,760092,MTKGPS*08
,,,,
18,46,8,276092,MTKGPS*08
,,,,
18,46,8,789095,MTKGPS*08
,,,,
18,46,9,302094,MTKGPS*08
,,,,
18,46,9,815094,MTKGPS*08
,,,,
18,46,10,331093,MTKGPS*08
,,,,
18,46,10,847091,MTKGPS*08
,,,,
18,46,11,360091,MTKGPS*08
,,,,
18,46,11,873093,MTKGPS*08
,,,,
18,46,12,386092,MTKGPS*08
,,,,
18,46,12,898095,MTKGPS*08
,,,,
18,46,13,411095,MTKGPS*08
,,,,
18,46,13,924091,MTKGPS*08
,,,,
18,46,14,440094,MTKGPS*08
,,,,
18,46,14,953092,MTKGPS*08
,,,,
18,46,15,466094,MTKGPS*08
,,,,
18,46,15,979092,MTKGPS*08
,,,,
18,46,16,491093,MTKGPS*08
,,,,
18,46,17,5092,MTKGPS*08
,,,,
18,46,17,521091,MTKGPS*08
,,,,
18,46,18,35092,MTKGPS*08
,,,,
18,46,18,553091,MTKGPS*08
,,,,
18,46,19,70093,MTKGPS*08
,,,,
18,46,19,583447,MTKGPS*08
,,,,
18,46,20,96090,MTKGPS*08
,,,,
18,46,20,609034,MTKGPS*08
,,,,
18,46,21,125093,MTKGPS*08
,,,,
18,46,21,638096,MTKGPS*08
,,,,
18,46,22,157094,MTKGPS*08
,,,,
18,46,22,671094,MTKGPS*08
,,,,
18,46,23,184092,MTKGPS*08
,,,,
18,46,23,697094,MTKGPS*08
,,,,
18,46,24,213091,MTKGPS*08
,,,,
18,46,24,726093,MTKGPS*08
,,,,
18,46,25,239145,MTKGPS*08
,,,,
18,46,25,752093,MTKGPS*08
,,,,
18,46,26,265091,MTKGPS*08
,,,,
18,46,26,781091,MTKGPS*08
,,,,
18,46,27,294090,MTKGPS*08
,,,,
18,46,27,810090,MTKGPS*08
,,,,
18,46,28,323036,MTKGPS*08
,,,,
18,46,28,836094,MTKGPS*08
,,,,
18,46,29,349096,MTKGPS*08
,,,,
18,46,29,862094,MTKGPS*08
,,,,
18,46,30,375093,MTKGPS*08
,,,,
18,46,30,888093,MTKGPS*08
,,,,
18,46,31,409093,MTKGPS*08
,,,,
18,46,31,923093,MTKGPS*08
,,,,
18,46,32,436093,MTKGPS*08
,,,,
18,46,32,949091,MTKGPS*08
,,,,
18,46,33,462094,MTKGPS*08
,,,,
18,46,33,975091,MTKGPS*08
,,,,
18,46,34,491093,MTKGPS*08
,,,,
18,46,35,10094,MTKGPS*08
,,,,
18,46,35,522665,MTKGPS*08
,,,,
18,46,36,40093,MTKGPS*08
,,,,
18,46,36,553092,MTKGPS*08
,,,,
18,46,37,65096,MTKGPS*08
,,,,
18,46,37,578093,MTKGPS*08
,,,,
18,46,38,94094,MTKGPS*08
,,,,
18,46,38,607093,MTKGPS*08
,,,,
18,46,39,119094,MTKGPS*08
,,,,
18,46,39,632094,MTKGPS*08
,,,,
18,46,40,145093,MTKGPS*08
,,,,
18,46,40,661091,MTKGPS*08
,,,,
18,46,41,187092,MTKGPS*08
,,,,
18,46,41,703091,MTKGPS*08
,,,,
18,46,42,217094,MTKGPS*08
,,,,
18,46,42,730092,MTKGPS*08
,,,,
18,46,43,249086,MTKGPS*08
,,,,
18,46,43,767093,MTKGPS*08
,,,,
18,46,44,278450,MTKGPS*08
,,,,
18,46,44,819093,MTKGPS*08
,,,,
18,46,45,339090,MTKGPS*08
,,,,
18,46,45,858092,MTKGPS*08
,,,,
18,46,46,369446,MTKGPS*08
,,,,
18,46,46,882094,MTKGPS*08
,,,,
18,46,47,395094,MTKGPS*08
,,,,
18,46,47,908094,MTKGPS*08
,,,,
18,46,48,424093,MTKGPS*08
,,,,
18,46,48,937094,MTKGPS*08
,,,,
18,46,49,450093,MTKGPS*08
,,,,
18,46,49,966091,MTKGPS*08
,,,,
18,46,50,479091,MTKGPS*08
,,,,
18,46,51,1092,MTKGPS*08
,,,,
18,46,51,522035,MTKGPS*08
,,,,
18,46,52,38096,MTKGPS*08
,,,,
18,46,52,552095,MTKGPS*08
,,,,
18,46,53,65095,MTKGPS*08
,,,,
18,46,53,578095,MTKGPS*08
,,,,
18,46,54,92094,MTKGPS*08
,,,,
18,46,54,611094,MTKGPS*08
,,,,
18,46,55,127094,MTKGPS*08
,,,,
18,46,55,640093,MTKGPS*08
,,,,
18,46,56,153094,MTKGPS*08
,,,,
18,46,56,666093,MTKGPS*08
,,,,
18,46,57,179093,MTKGPS*08
,,,,
18,46,57,692091,MTKGPS*08
,,,,
18,46,58,205090,MTKGPS*08
,,,,
18,46,58,721094,MTKGPS*08
,,,,
18,46,59,239035,MTKGPS*08
,,,,
18,46,59,755095,MTKGPS*08
,,,,
18,47,0,268096,MTKGPS*08
,,,,
18,47,0,781093,MTKGPS*08
,,,,
18,47,1,294094,MTKGPS*08
,,,,
18,47,1,807093,MTKGPS*08
,,,,
18,47,2,323093,MTKGPS*08
,,,,
18,47,2,836096,MTKGPS*08
,,,,
18,47,3,349093,MTKGPS*08
,,,,
18,47,3,867091,MTKGPS*08
,,,,
18,47,4,380091,MTKGPS*08
,,,,
18,47,4,893092,MTKGPS*08
,,,,
18,47,5,406090,MTKGPS*08
,,,,
18,47,5,922089,MTKGPS*08
,,,,
18,47,6,436090,MTKGPS*08
,,,,
18,47,6,946007,MTKGPS*08
,,,,
18,47,7,458096,MTKGPS*08
,,,,
18,47,7,971115,V,,,,
18,47,8,494094,V,,,,
18,47,9,7095,V,,,,
18,47,9,628094,V,,,,
18,47,10,228093,V,,,,
18,47,10,741093,V,,,,
18,47,11,256093,V,,,,
18,47,11,769094,V,,,,
18,47,12,282093,V,,,,
18,47,12,795096,V,,,,
18,47,13,311093,V,,,,
18,47,13,827093,V,,,,
18,47,14,340093,V,,,,
18,47,14,853092,V,,,,
18,47,15,366091,V,,,,
18,47,15,879098,V,,,,
18,47,16,392090,V,,,,
18,47,16,903840,V,,,,
18,47,17,423093,V,,,,
18,47,17,942093,V,,,,
18,47,18,455093,V,,,,
18,47,18,968093,MTKGPS*08
,,,,
18,47,19,481093,MTKGPS*08
,,,,
18,47,19,998093,MTKGPS*08
,,,,
18,47,20,514091,MTKGPS*08
,,,,
18,47,21,28091,MTKGPS*08
,,,,
18,47,21,541095,MTKGPS*08
,,,,
18,47,22,54095,MTKGPS*08
,,,,
18,47,22,570092,MTKGPS*08
,,,,
18,47,23,85091,MTKGPS*08
,,,,
18,47,23,598090,MTKGPS*08
,,,,
18,47,24,113647,MTKGPS*08
,,,,
18,47,24,626093,MTKGPS*08
,,,,
18,47,25,138093,MTKGPS*08
,,,,
18,47,25,651091,MTKGPS*08
,,,,
18,47,26,164091,MTKGPS*08
,,,,
18,47,26,677091,MTKGPS*08
,,,,
18,47,27,199093,MTKGPS*08
,,,,
18,47,27,712095,MTKGPS*08
,,,,
18,47,28,226095,MTKGPS*08
,,,,
18,47,28,738092,MTKGPS*08
,,,,
18,47,29,251092,MTKGPS*08
,,,,
18,47,29,765093,MTKGPS*08
,,,,
18,47,30,281085,MTKGPS*08
,,,,
18,47,30,854093,MTKGPS*08
,,,,
18,47,31,369091,MTKGPS*08
,,,,
18,47,31,885091,MTKGPS*08
,,,,
18,47,32,398041,MTKGPS*08
,,,,
18,47,32,913094,MTKGPS*08
,,,,
18,47,33,426094,MTKGPS*08
,,,,
18,47,33,940093,MTKGPS*08
,,,,
18,47,34,491096,MTKGPS*08
,,,,
18,47,35,112093,MTKGPS*08
,,,,
18,47,35,733094,MTKGPS*08
,,,,
18,47,36,250094,MTKGPS*08
,,,,
18,47,36,765095,MTKGPS*08
,,,,
18,47,37,278093,MTKGPS*08
,,,,
18,47,37,791093,MTKGPS*08
,,,,
18,47,38,304093,MTKGPS*08
,,,,
18,47,38,817091,MTKGPS*08
,,,,
18,47,39,333093,MTKGPS*08
,,,,
18,47,39,846091,MTKGPS*08
,,,,
18,47,40,360093,MTKGPS*08
,,,,
18,47,40,873093,MTKGPS*08
,,,,
18,47,41,391094,MTKGPS*08
,,,,
18,47,41,906091,MTKGPS*08
,,,,
18,47,42,417008,MTKGPS*08
,,,,
18,47,43,15096,MTKGPS*08
,,,,
18,47,43,531094,MTKGPS*08
,,,,
18,47,44,44096,MTKGPS*08
,,,,
18,47,44,556094,MTKGPS*08
,,,,
18,47,45,75096,MTKGPS*08
,,,,
18,47,45,587093,MTKGPS*08
,,,,
18,47,46,107094,MTKGPS*08
,,,,
18,47,46,626094,MTKGPS*08
,,,,
18,47,47,142093,MTKGPS*08
,,,,
18,47,47,655093,MTKGPS*08
,,,,
18,47,48,168093,MTKGPS*08
,,,,
18,47,48,681096,MTKGPS*08
,,,,
18,47,49,194090,MTKGPS*08
,,,,
18,47,49,707035,MTKGPS*08
,,,,
18,47,50,220093,MTKGPS*08
,,,,
18,47,50,793093,MTKGPS*08
,,,,
18,47,51,309093,MTKGPS*08
,,,,
18,47,51,822094,MTKGPS*08
,,,,
18,47,52,336093,MTKGPS*08
,,,,
18,47,52,849093,MTKGPS*08
,,,,
18,47,53,366091,MTKGPS*08
,,,,
18,47,53,883091,MTKGPS*08
,,,,
18,47,54,433093,MTKGPS*08
,,,,
18,47,54,950104,MTKGPS*08
,,,,
18,47,55,463094,MTKGPS*08
,,,,
18,47,55,976092,MTKGPS*08
,,,,
18,47,56,489085,MTKGPS*08
,,,,
18,47,57,1077,MTKGPS*08
,,,,
18,47,57,514090,MTKGPS*08
,,,,
18,47,58,30061,MTKGPS*08
,,,,
18,47,58,543096,MTKGPS*08
,,,,
18,47,59,56094,MTKGPS*08
,,,,
18,47,59,569096,MTKGPS*08
,,,,
18,48,0,82095,MTKGPS*08
,,,,
18,48,0,597094,MTKGPS*08
,,,,
18,48,1,110093,MTKGPS*08
,,,,
18,48,1,627093,MTKGPS*08
,,,,
18,48,2,144092,MTKGPS*08
,,,,
18,48,2,660094,MTKGPS*08
,,,,
18,48,3,173093,MTKGPS*08
,,,,
18,48,3,686093,MTKGPS*08
,,,,
18,48,4,199093,MTKGPS*08
,,,,
18,48,4,721097,MTKGPS*08
,,,,
18,48,5,234091,MTKGPS*08
,,,,
18,48,5,747087,MTKGPS*08
,,,,
18,48,6,260093,MTKGPS*08
,,,,
18,48,6,773094,MTKGPS*08
,,,,
18,48,7,286095,MTKGPS*08
,,,,
18,48,7,799094,MTKGPS*08
,,,,
18,48,8,315093,MTKGPS*08
,,,,
18,48,8,828094,MTKGPS*08
,,,,
18,48,9,341093,MTKGPS*08
,,,,
18,48,9,854094,MTKGPS*08
,,,,
18,48,10,368094,MTKGPS*08
,,,,
18,48,10,881093,MTKGPS*08
,,,,
18,48,11,394090,MTKGPS*08
,,,,
18,48,12,14095,MTKGPS*08
,,,,
18,48,12,530095,MTKGPS*08
,,,,
18,48,13,58094,MTKGPS*08
,,,,
18,48,13,572090,MTKGPS*08
,,,,
18,48,14,86092,MTKGPS*08
,,,,
18,48,14,599008,MTKGPS*08
,,,,
18,48,15,112091,MTKGPS*08
,,,,
18,48,15,629091,MTKGPS*08
,,,,
18,48,16,142094,MTKGPS*08
,,,,
18,48,16,656091,MTKGPS*08
,,,,
18,48,17,169095,MTKGPS*08
,,,,
18,48,17,682095,MTKGPS*08
,,,,
18,48,18,197092,MTKGPS*08
,,,,
18,48,18,715083,MTKGPS*08
,,,,
18,48,19,263092,MTKGPS*08
,,,,
18,48,19,783088,MTKGPS*08
,,,,
18,48,20,293446,MTKGPS*08
,,,,
18,48,20,811092,MTKGPS*08
,,,,
18,48,21,323092,MTKGPS*08
,,,,
18,48,21,836090,MTKGPS*08
,,,,
18,48,22,380103,MTKGPS*08
,,,,
18,48,22,893632,MTKGPS*08
,,,,
18,48,23,406093,MTKGPS*08
,,,,
18,48,23,919096,MTKGPS*08
,,,,
18,48,24,435093,MTKGPS*08
,,,,
18,48,24,948093,MTKGPS*08
,,,,
18,48,25,466095,MTKGPS*08
,,,,
18,48,26,16095,MTKGPS*08
,,,,
18,48,26,533094,MTKGPS*08
,,,,
18,48,27,49093,MTKGPS*08
,,,,
18,48,27,564091,MTKGPS*08
,,,,
18,48,28,77092,MTKGPS*08
,,,,
18,48,28,590092,MTKGPS*08
,,,,
18,48,29,103089,MTKGPS*08
,,,,
18,48,29,617061,MTKGPS*08
,,,,
18,48,30,131093,MTKGPS*08
,,,,
18,48,30,644094,MTKGPS*08
,,,,
18,48,31,157094,MTKGPS*08
,,,,
18,48,31,670093,MTKGPS*08
,,,,
18,48,32,183093,MTKGPS*08
,,,,
18,48,32,696093,MTKGPS*08
,,,,
18,48,33,212093,MTKGPS*08
,,,,
18,48,33,725094,MTKGPS*08
,,,,
18,48,34,238092,MTKGPS*08
,,,,
18,48,34,756090,MTKGPS*08
,,,,
18,48,35,272090,MTKGPS*08
,,,,
18,48,35,785090,MTKGPS*08
,,,,
18,48,36,311090,MTKGPS*08
,,,,
18,48,36,828036,MTKGPS*08
,,,,
18,48,37,341091,MTKGPS*08
,,,,
18,48,37,854092,MTKGPS*08
,,,,
18,48,38,367091,MTKGPS*08
,,,,
18,48,38,880092,MTKGPS*08
,,,,
18,48,39,393095,MTKGPS*08
,,,,
18,48,39,942093,MTKGPS*08
,,,,
18,48,40,562094,MTKGPS*08
,,,,
18,48,41,78093,MTKGPS*08
,,,,
18,48,41,591093,MTKGPS*08
,,,,
18,48,42,104094,MTKGPS*08
,,,,
18,48,42,617091,MTKGPS*08
,,,,
18,48,43,130094,MTKGPS*08
,,,,
18,48,43,649092,MTKGPS*08
,,,,
18,48,44,205092,MTKGPS*08
,,,,
18,48,44,721092,MTKGPS*08
,,,,
18,48,45,234085,MTKGPS*08
,,,,
18,48,45,746094,MTKGPS*08
,,,,
18,48,46,259501,MTKGPS*08
,,,,
18,48,46,769091,MTKGPS*08
,,,,
18,48,47,290079,MTKGPS*08
,,,,
18,48,47,810091,MTKGPS*08
,,,,
18,48,48,323054,MTKGPS*08
,,,,
18,48,48,837092,MTKGPS*08
,,,,
18,48,49,351094,MTKGPS*08
,,,,
18,48,49,864092,MTKGPS*08
,,,,
18,48,50,377093,MTKGPS*08
,,,,
18,48,50,890093,MTKGPS*08
,,,,
18,48,51,466091,MTKGPS*08
,,,,
18,48,51,986096,MTKGPS*08
,,,,
18,48,52,500091,MTKGPS*08
,,,,
18,48,53,13094,MTKGPS*08
,,,,
18,48,53,526090,MTKGPS*08
,,,,
18,48,54,39090,MTKGPS*08
,,,,
18,48,54,551034,MTKGPS*08
,,,,
18,48,55,124094,MTKGPS*08
,,,,
18,48,55,745095,MTKGPS*08
,,,,
18,48,56,365094,MTKGPS*08
,,,,
18,48,56,881093,MTKGPS*08
,,,,
18,48,57,397091,MTKGPS*08
,,,,
18,48,57,910095,MTKGPS*08
,,,,
18,48,58,427091,MTKGPS*08
,,,,
18,48,58,940092,MTKGPS*08
,,,,
18,48,59,453090,MTKGPS*08
,,,,
18,49,0,3096,MTKGPS*08
,,,,
18,49,0,623093,MTKGPS*08
,,,,
18,49,1,247093,MTKGPS*08
,,,,
18,49,1,846094,MTKGPS*08
,,,,
18,49,2,359091,MTKGPS*08
,,,,
18,49,2,872094,MTKGPS*08
,,,,
18,49,3,385094,MTKGPS*08
,,,,
18,49,3,901093,MTKGPS*08
,,,,
18,49,4,414094,MTKGPS*08
,,,,
18,49,4,927091,MTKGPS*08
,,,,
18,49,5,443091,MTKGPS*08
,,,,
18,49,5,961095,MTKGPS*08
,,,,
18,49,6,472456,MTKGPS*08
,,,,
18,49,6,986093,MTKGPS*08
,,,,
18,49,7,499094,MTKGPS*08
,,,,
18,49,8,17096,MTKGPS*08
,,,,
18,49,8,532095,MTKGPS*08
,,,,
18,49,9,153093,MTKGPS*08
,,,,
18,49,9,777094,MTKGPS*08
,,,,
18,49,10,398094,MTKGPS*08
,,,,
18,49,10,914094,MTKGPS*08
,,,,
18,49,11,427094,MTKGPS*08
,,,,
18,49,11,943093,MTKGPS*08
,,,,
18,49,12,456094,MTKGPS*08
,,,,
18,49,12,973091,MTKGPS*08
,,,,
18,49,13,486095,MTKGPS*08
,,,,
18,49,14,36094,MTKGPS*08
,,,,
18,49,14,658093,MTKGPS*08
,,,,
18,49,15,278093,MTKGPS*08
,,,,
18,49,15,878094,MTKGPS*08
,,,,
18,49,16,391093,MTKGPS*08
,,,,
18,49,16,904093,MTKGPS*08
,,,,
18,49,17,417093,MTKGPS*08
,,,,
18,49,17,934093,MTKGPS*08
,,,,
18,49,18,448093,MTKGPS*08
,,,,
18,49,18,961093,MTKGPS*08
,,,,
18,49,19,534096,MTKGPS*08
,,,,
18,49,20,154092,MTKGPS*08
,,,,
18,49,20,774093,MTKGPS*08
,,,,
18,49,21,394093,MTKGPS*08
,,,,
18,49,22,15096,MTKGPS*08
,,,,
18,49,22,635095,MTKGPS*08
,,,,
18,49,23,256094,MTKGPS*08
,,,,
18,49,23,772094,MTKGPS*08
,,,,
18,49,24,285092,MTKGPS*08
,,,,
18,49,24,798093,MTKGPS*08
,,,,
18,49,25,311093,MTKGPS*08
,,,,
18,49,25,824094,MTKGPS*08
,,,,
18,49,26,337093,MTKGPS*08
,,,,
18,49,26,889093,MTKGPS*08
,,,,
18,49,27,522093,MTKGPS*08
,,,,
18,49,28,143093,MTKGPS*08
,,,,
18,49,28,696096,MTKGPS*08
,,,,
18,49,29,210092,MTKGPS*08
,,,,
18,49,29,723093,MTKGPS*08
,,,,
18,49,30,236092,MTKGPS*08
,,,,
18,49,30,749093,MTKGPS*08
,,,,
18,49,31,262093,MTKGPS*08
,,,,
18,49,31,775093,MTKGPS*08
,,,,
18,49,32,351091,MTKGPS*08
,,,,
18,49,32,864091,MTKGPS*08
,,,,
18,49,33,377090,MTKGPS*08
,,,,
18,49,33,890090,MTKGPS*08
,,,,
18,49,34,404091,MTKGPS*08
,,,,
18,49,34,916089,MTKGPS*08
,,,,
18,49,35,429094,MTKGPS*08
,,,,
18,49,35,949093,MTKGPS*08
,,,,
18,49,36,463093,MTKGPS*08
,,,,
18,49,36,979093,MTKGPS*08
,,,,
18,49,37,492093,MTKGPS*08
,,,,
18,49,38,5096,MTKGPS*08
,,,,
18,49,38,518093,MTKGPS*08
,,,,
18,49,39,34093,MTKGPS*08
,,,,
18,49,39,547094,MTKGPS*08
,,,,
18,49,40,60094,MTKGPS*08
,,,,
18,49,40,573091,MTKGPS*08
,,,,
18,49,41,86092,MTKGPS*08
,,,,
18,49,41,606093,MTKGPS*08
,,,,
18,49,42,121008,MTKGPS*08
,,,,
18,49,42,643093,MTKGPS*08
,,,,
18,49,43,156093,MTKGPS*08
,,,,
18,49,43,669093,MTKGPS*08
,,,,
18,49,44,185091,MTKGPS*08
,,,,
18,49,44,698091,MTKGPS*08
,,,,
18,49,45,211091,MTKGPS*08
,,,,
18,49,45,724094,MTKGPS*08
,,,,
18,49,46,347093,MTKGPS*08
,,,,
18,49,46,967094,MTKGPS*08
,,,,
18,49,47,521095,MTKGPS*08
,,,,
18,49,48,34096,MTKGPS*08
,,,,
18,49,48,548094,MTKGPS*08
,,,,
18,49,49,61094,MTKGPS*08
,,,,
18,49,49,574094,MTKGPS*08
,,,,
18,49,50,87093,MTKGPS*08
,,,,
18,49,50,600093,MTKGPS*08
,,,,
18,49,51,220091,MTKGPS*08
,,,,
18,49,51,736091,MTKGPS*08
,,,,
18,49,52,249093,MTKGPS*08
,,,,
18,49,52,762092,MTKGPS*08
,,,,
18,49,53,274090,MTKGPS*08
,,,,
18,49,53,795094,MTKGPS*08
,,,,
18,49,54,308008,MTKGPS*08
,,,,
18,49,54,824093,MTKGPS*08
,,,,
18,49,55,337094,MTKGPS*08
,,,,
18,49,55,850093,MTKGPS*08
,,,,
18,49,56,363093,MTKGPS*08
,,,,
18,49,56,876096,MTKGPS*08
,,,,
18,49,57,389093,MTKGPS*08
,,,,
18,49,57,902094,MTKGPS*08
,,,,
18,49,58,418093,MTKGPS*08
,,,,
18,49,58,931093,MTKGPS*08
,,,,
18,49,59,444093,MTKGPS*08
,,,,
18,49,59,957091,MTKGPS*08
,,,,
18,50,0,471090,MTKGPS*08
,,,,
18,50,0,984090,MTKGPS*08
,,,,
18,50,1,523092,MTKGPS*08
,,,,
18,50,2,38008,MTKGPS*08
,,,,
18,50,2,551096,MTKGPS*08
,,,,
18,50,3,64094,MTKGPS*08
,,,,
18,50,3,577096,MTKGPS*08
,,,,
18,50,4,90090,MTKGPS*08
,,,,
18,50,4,603093,MTKGPS*08
,,,,
18,50,5,119095,MTKGPS*08
,,,,
18,50,5,632093,MTKGPS*08
,,,,
18,50,6,145091,MTKGPS*08
,,,,
18,50,6,658090,MTKGPS*08
,,,,
18,50,7,171092,MTKGPS*08
,,,,
18,50,7,684089,MTKGPS*08
,,,,
18,50,8,198092,MTKGPS*08
,,,,
18,50,8,714091,MTKGPS*08
,,,,
18,50,9,226671,MTKGPS*08
,,,,
18,50,9,747094,MTKGPS*08
,,,,
18,50,10,261093,MTKGPS*08
,,,,
18,50,10,774094,MTKGPS*08
,,,,
18,50,11,287093,MTKGPS*08
,,,,
18,50,11,803094,MTKGPS*08
,,,,
18,50,12,319093,MTKGPS*08
,,,,
18,50,12,835094,MTKGPS*08
,,,,
18,50,13,348093,MTKGPS*08
,,,,
18,50,13,861093,MTKGPS*08
,,,,
18,50,14,378091,MTKGPS*08
,,,,
18,50,14,891091,MTKGPS*08
,,,,
18,50,15,403091,MTKGPS*08
,,,,
18,50,15,952090,MTKGPS*08
,,,,
18,50,16,469092,MTKGPS*08
,,,,
18,50,16,980054,MTKGPS*08
,,,,
18,50,17,493093,MTKGPS*08
,,,,
18,50,18,9096,MTKGPS*08
,,,,
18,50,18,522096,MTKGPS*08
,,,,
18,50,19,40095,MTKGPS*08
,,,,
18,50,19,556096,MTKGPS*08
,,,,
18,50,20,69095,MTKGPS*08
,,,,
18,50,20,582095,MTKGPS*08
,,,,
18,50,21,95093,MTKGPS*08
,,,,
18,50,21,608093,MTKGPS*08
,,,,
18,50,22,122091,MTKGPS*08
,,,,
18,50,22,635092,MTKGPS*08
,,,,
18,50,23,232091,MTKGPS*08
,,,,
18,50,23,748091,MTKGPS*08
,,,,
18,50,24,261090,MTKGPS*08
,,,,
18,50,24,774090,MTKGPS*08
,,,,
18,50,25,288094,MTKGPS*08
,,,,
18,50,25,803008,MTKGPS*08
,,,,
18,50,26,319093,MTKGPS*08
,,,,
18,50,26,836094,MTKGPS*08
,,,,
18,50,27,351093,MTKGPS*08
,,,,
18,50,27,864093,MTKGPS*08
,,,,
18,50,28,377093,MTKGPS*08
,,,,
18,50,28,893093,MTKGPS*08
,,,,
18,50,29,406093,MTKGPS*08
,,,,
18,50,29,919093,MTKGPS*08
,,,,
18,50,30,516091,MTKGPS*08
,,,,
18,50,31,137093,MTKGPS*08
,,,,
18,50,31,757095,MTKGPS*08
,,,,
18,50,32,378093,MTKGPS*08
,,,,
18,50,32,998093,MTKGPS*08
,,,,
18,50,33,621094,MTKGPS*08
,,,,
18,50,34,242093,MTKGPS*08
,,,,
18,50,34,761093,MTKGPS*08
,,,,
18,50,35,290092,MTKGPS*08
,,,,
18,50,35,803093,MTKGPS*08
,,,,
18,50,36,316094,MTKGPS*08
,,,,
18,50,36,829092,MTKGPS*08
,,,,
18,50,37,342094,MTKGPS*08
,,,,
18,50,37,891093,MTKGPS*08
,,,,
18,50,38,407092,MTKGPS*08
,,,,
18,50,38,920093,MTKGPS*08
,,,,
18,50,39,433091,MTKGPS*08
,,,,
18,50,39,946091,MTKGPS*08
,,,,
18,50,40,459091,MTKGPS*08
,,,,
18,50,40,981526,MTKGPS*08
,,,,
18,50,41,531088,MTKGPS*08
,,,,
18,50,42,115522,MTKGPS*08
,,,,
18,50,42,627461,MTKGPS*08
,,,,
18,50,43,142094,MTKGPS*08
,,,,
18,50,43,659093,MTKGPS*08
,,,,
18,50,44,172092,MTKGPS*08
,,,,
18,50,44,685091,MTKGPS*08
,,,,
18,50,45,198091,MTKGPS*08
,,,,
18,50,45,819093,MTKGPS*08
,,,,
18,50,46,440093,MTKGPS*08
,,,,
18,50,47,61095,MTKGPS*08
,,,,
18,50,47,582094,MTKGPS*08
,,,,
18,50,48,95096,MTKGPS*08
,,,,
18,50,48,608095,MTKGPS*08
,,,,
18,50,49,121093,MTKGPS*08
,,,,
18,50,49,634093,MTKGPS*08
,,,,
18,50,50,147094,MTKGPS*08
,,,,
18,50,50,663093,MTKGPS*08
,,,,
18,50,51,176091,MTKGPS*08
,,,,
18,50,51,696090,MTKGPS*08
,,,,
18,50,52,213090,MTKGPS*08
,,,,
18,50,52,730094,MTKGPS*08
,,,,
18,50,53,241473,MTKGPS*08
,,,,
18,50,53,755094,MTKGPS*08
,,,,
18,50,54,271096,MTKGPS*08
,,,,
18,50,54,784094,MTKGPS*08
,,,,
18,50,55,297091,MTKGPS*08
,,,,
18,50,55,813093,MTKGPS*08
,,,,
18,50,56,326095,MTKGPS*08
,,,,
18,50,56,839092,MTKGPS*08
,,,,
18,50,57,355093,MTKGPS*08
,,,,
18,50,57,868093,MTKGPS*08
,,,,
18,50,58,382091,MTKGPS*08
,,,,
18,50,58,896092,MTKGPS*08
,,,,
18,50,59,409093,MTKGPS*08
,,,,
18,50,59,922092,MTKGPS*08
,,,,
18,51,0,442092,MTKGPS*08
,,,,
18,51,0,955632,MTKGPS*08
,,,,
18,51,1,468094,MTKGPS*08
,,,,
18,51,1,981094,MTKGPS*08
,,,,
18,51,2,494094,MTKGPS*08
,,,,
18,51,3,7095,MTKGPS*08
,,,,
18,51,3,520093,MTKGPS*08
,,,,
18,51,4,33091,MTKGPS*08
,,,,
18,51,4,549094,MTKGPS*08
,,,,
18,51,5,62096,MTKGPS*08
,,,,
18,51,5,575093,MTKGPS*08
,,,,
18,51,6,88093,MTKGPS*08
,,,,
18,51,6,601091,MTKGPS*08
,,,,
18,51,7,114092,MTKGPS*08
,,,,
18,51,7,630090,MTKGPS*08
,,,,
18,51,8,141550,MTKGPS*08
,,,,
18,51,8,654093,MTKGPS*08
,,,,
18,51,9,172093,MTKGPS*08
,,,,
18,51,9,686094,MTKGPS*08
,,,,
18,51,10,200095,MTKGPS*08
,,,,
18,51,10,714094,MTKGPS*08
,,,,
18,51,11,312093,MTKGPS*08
,,,,
18,51,11,934094,MTKGPS*08
,,,,
18,51,12,556095,MTKGPS*08
,,,,
18,51,13,74093,MTKGPS*08
,,,,
18,51,13,588095,MTKGPS*08
,,,,
18,51,14,102093,MTKGPS*08
,,,,
18,51,14,616096,MTKGPS*08
,,,,
18,51,15,130096,MTKGPS*08
,,,,
18,51,15,644093,MTKGPS*08
,,,,
18,51,16,161092,MTKGPS*08
,,,,
18,51,16,675093,MTKGPS*08
,,,,
18,51,17,189091,MTKGPS*08
,,,,
18,51,17,707091,MTKGPS*08
,,,,
18,51,18,221090,MTKGPS*08
,,,,
18,51,18,734654,MTKGPS*08
,,,,
18,51,19,246969,MTKGPS*08
,,,,
18,51,19,872094,MTKGPS*08
,,,,
18,51,20,389094,MTKGPS*08
,,,,
18,51,20,903094,MTKGPS*08
,,,,
18,51,21,417093,MTKGPS*08
,,,,
18,51,21,931094,MTKGPS*08
,,,,
18,51,22,445093,MTKGPS*08
,,,,
18,51,22,959091,MTKGPS*08
,,,,
18,51,23,476093,MTKGPS*08
,,,,
18,51,23,990094,MTKGPS*08
,,,,
18,51,24,508093,MTKGPS*08
,,,,
18,51,25,22091,MTKGPS*08
,,,,
18,51,25,536091,MTKGPS*08
,,,,
18,51,26,54093,MTKGPS*08
,,,,
18,51,26,568090,MTKGPS*08
,,,,
18,51,27,86038,MTKGPS*08
,,,,
18,51,27,603096,MTKGPS*08
,,,,
18,51,28,118094,MTKGPS*08
,,,,
18,51,28,632094,MTKGPS*08
,,,,
18,51,29,146093,MTKGPS*08
,,,,
18,51,29,660095,MTKGPS*08
,,,,
18,51,30,177093,MTKGPS*08
,,,,
18,51,30,691092,MTKGPS*08
,,,,
18,51,31,205096,MTKGPS*08
,,,,
18,51,31,719096,MTKGPS*08
,,,,
18,51,32,233093,MTKGPS*08
,,,,
18,51,32,747091,MTKGPS*08
,,,,
18,51,33,261095,MTKGPS*08
,,,,
18,51,33,840091,MTKGPS*08
,,,,
18,51,34,361090,MTKGPS*08
,,,,
18,51,34,875090,MTKGPS*08
,,,,
18,51,35,389062,MTKGPS*08
,,,,
18,51,35,903094,MTKGPS*08
,,,,
18,51,36,417094,MTKGPS*08
,,,,
18,51,36,931091,MTKGPS*08
,,,,
18,51,37,482091,MTKGPS*08
,,,,
18,51,38,104110,MTKGPS*08
,,,,
18,51,38,726093,MTKGPS*08
,,,,
18,51,39,243094,MTKGPS*08
,,,,
18,51,39,757094,MTKGPS*08
,,,,
18,51,40,271094,MTKGPS*08
,,,,
18,51,40,785096,MTKGPS*08
,,,,
18,51,41,299094,MTKGPS*08
,,,,
18,51,41,813095,MTKGPS*08
,,,,
18,51,42,364092,MTKGPS*08
,,,,
18,51,42,991093,MTKGPS*08
,,,,
18,51,43,614094,MTKGPS*08
,,,,
18,51,44,132093,MTKGPS*08
,,,,
18,51,44,646093,MTKGPS*08
,,,,
18,51,45,160093,MTKGPS*08
,,,,
18,51,45,674093,MTKGPS*08
,,,,
18,51,46,188093,MTKGPS*08
,,,,
18,51,46,702092,MTKGPS*08
,,,,
18,51,47,219091,MTKGPS*08
,,,,
18,51,47,733092,MTKGPS*08
,,,,
18,51,48,249092,MTKGPS*08
,,,,
18,51,48,778094,MTKGPS*08
,,,,
18,51,49,292094,MTKGPS*08
,,,,
18,51,49,806094,MTKGPS*08
,,,,
18,51,50,320094,MTKGPS*08
,,,,
18,51,50,837094,MTKGPS*08
,,,,
18,51,51,354094,MTKGPS*08
,,,,
18,51,51,868091,MTKGPS*08
,,,,
18,51,52,382093,MTKGPS*08
,,,,
18,51,52,896093,MTKGPS*08
,,,,
18,51,53,410091,MTKGPS*08
,,,,
18,51,53,928096,MTKGPS*08
,,,,
18,51,54,448092,MTKGPS*08
,,,,
18,51,54,963968,MTKGPS*08
,,,,
18,51,55,479093,MTKGPS*08
,,,,
18,51,55,993094,MTKGPS*08
,,,,
18,51,56,508090,MTKGPS*08
,,,,
18,51,57,22091,MTKGPS*08
,,,,
18,51,57,598092,MTKGPS*08
,,,,
18,51,58,115093,MTKGPS*08
,,,,
18,51,58,629096,MTKGPS*08
,,,,
18,51,59,144096,MTKGPS*08
,,,,
18,51,59,660092,MTKGPS*08
,,,,
18,52,0,174092,MTKGPS*08
,,,,
18,52,0,688091,MTKGPS*08
,,,,
18,52,1,239092,MTKGPS*08
,,,,
18,52,1,756091,MTKGPS*08
,,,,
18,52,2,270091,MTKGPS*08
,,,,
18,52,2,784091,MTKGPS*08
,,,,
18,52,3,297091,MTKGPS*08
,,,,
18,52,3,823093,MTKGPS*08
,,,,
18,52,4,337092,MTKGPS*08
,,,,
18,52,4,888096,MTKGPS*08
,,,,
18,52,5,525093,MTKGPS*08
,,,,
18,52,6,152092,MTKGPS*08
,,,,
18,52,6,773096,MTKGPS*08
,,,,
18,52,7,394095,MTKGPS*08
,,,,
18,52,8,15093,MTKGPS*08
,,,,
18,52,8,636095,MTKGPS*08
,,,,
18,52,9,259092,MTKGPS*08
,,,,
18,52,9,880093,MTKGPS*08
,,,,
18,52,10,501093,MTKGPS*08
,,,,
18,52,11,126093,MTKGPS*08
,,,,
18,52,11,747095,MTKGPS*08
,,,,
18,52,12,368094,MTKGPS*08
,,,,
18,52,12,990093,MTKGPS*08
,,,,
18,52,13,612094,MTKGPS*08
,,,,
18,52,14,233094,MTKGPS*08
,,,,
18,52,14,855094,MTKGPS*08
,,,,
18,52,15,477094,MTKGPS*08
,,,,
18,52,16,99093,MTKGPS*08
,,,,
18,52,16,723094,MTKGPS*08
,,,,
18,52,17,240093,MTKGPS*08
,,,,
18,52,17,754093,MTKGPS*08
,,,,
18,52,18,268092,MTKGPS*08
,,,,
18,52,18,788093,MTKGPS*08
,,,,
18,52,19,302094,MTKGPS*08
,,,,
18,52,19,816094,MTKGPS*08
,,,,
18,52,20,367091,MTKGPS*08
,,,,
18,52,20,989091,MTKGPS*08
,,,,
18,52,21,611094,MTKGPS*08
,,,,
18,52,22,233092,MTKGPS*08
,,,,
18,52,22,750095,MTKGPS*08
,,,,
18,52,23,264092,MTKGPS*08
,,,,
18,52,23,778093,MTKGPS*08
,,,,
18,52,24,292093,MTKGPS*08
,,,,
18,52,24,806093,MTKGPS*08
,,,,
18,52,25,320093,MTKGPS*08
,,,,
18,52,25,871093,MTKGPS*08
,,,,
18,52,26,494096,MTKGPS*08
,,,,
18,52,27,116092,MTKGPS*08
,,,,
18,52,27,741095,MTKGPS*08
,,,,
18,52,28,363092,MTKGPS*08
,,,,
18,52,28,985091,MTKGPS*08
,,,,
18,52,29,503095,MTKGPS*08
,,,,
18,52,30,17096,MTKGPS*08
,,,,
18,52,30,531093,MTKGPS*08
,,,,
18,52,31,48095,MTKGPS*08
,,,,
18,52,31,562094,MTKGPS*08
,,,,
18,52,32,76093,MTKGPS*08
,,,,
18,52,32,627092,MTKGPS*08
,,,,
18,52,33,249093,MTKGPS*08
,,,,
18,52,33,827091,MTKGPS*08
,,,,
18,52,34,341093,MTKGPS*08
,,,,
18,52,34,855093,MTKGPS*08
,,,,
18,52,35,369093,MTKGPS*08
,,,,
18,52,35,889091,MTKGPS*08
,,,,
18,52,36,404093,MTKGPS*08
,,,,
18,52,36,918089,MTKGPS*08
,,,,
18,52,37,519093,MTKGPS*08
,,,,
18,52,38,140091,MTKGPS*08
,,,,
18,52,38,761093,MTKGPS*08
,,,,
18,52,39,382093,MTKGPS*08
,,,,
18,52,40,3095,MTKGPS*08
,,,,
18,52,40,624095,MTKGPS*08
,,,,
18,52,41,248093,MTKGPS*08
,,,,
18,52,41,870093,MTKGPS*08
,,,,
18,52,42,492094,MTKGPS*08
,,,,
18,52,43,113095,MTKGPS*08
,,,,
18,52,43,735096,MTKGPS*08
,,,,
18,52,44,357094,MTKGPS*08
,,,,
18,52,44,874094,MTKGPS*08
,,,,
18,52,45,388093,MTKGPS*08
,,,,
18,52,45,906091,MTKGPS*08
,,,,
18,52,46,420094,MTKGPS*08
,,,,
18,52,46,934093,MTKGPS*08
,,,,
18,52,47,448093,MTKGPS*08
,,,,
18,52,47,999094,MTKGPS*08
,,,,
18,52,48,620093,MTKGPS*08
,,,,
18,52,49,242091,MTKGPS*08
,,,,
18,52,49,863093,MTKGPS*08
,,,,
18,52,50,380093,MTKGPS*08
,,,,
18,52,50,894093,MTKGPS*08
,,,,
18,52,51,408091,MTKGPS*08
,,,,
18,52,51,922094,MTKGPS*08
,,,,
18,52,52,436093,MTKGPS*08
,,,,
18,52,52,951092,MTKGPS*08
,,,,
18,52,53,481094,MTKGPS*08
,,,,
18,52,53,995093,MTKGPS*08
,,,,
18,52,54,515095,MTKGPS*08
,,,,
18,52,55,29091,MTKGPS*08
,,,,
18,52,55,545089,MTKGPS*08
,,,,
18,52,56,59065,MTKGPS*08
,,,,
18,52,56,573095,MTKGPS*08
,,,,
18,52,57,147093,MTKGPS*08
,,,,
18,52,57,678093,MTKGPS*08
,,,,
18,52,58,192093,MTKGPS*08
,,,,
18,52,58,706094,MTKGPS*08
,,,,
18,52,59,220093,MTKGPS*08
,,,,
18,52,59,734094,MTKGPS*08
,,,,
18,53,0,248093,MTKGPS*08
,,,,
18,53,0,775093,MTKGPS*08
,,,,
18,53,1,397092,MTKGPS*08
,,,,
18,53,2,19095,MTKGPS*08
,,,,
18,53,2,641094,MTKGPS*08
,,,,
18,53,3,162092,MTKGPS*08
,,,,
18,53,3,676093,MTKGPS*08
,,,,
18,53,4,191093,MTKGPS*08
,,,,
18,53,4,705093,MTKGPS*08
,,,,
18,53,5,222093,MTKGPS*08
,,,,
18,53,5,737093,MTKGPS*08
,,,,
18,53,6,288095,MTKGPS*08
,,,,
18,53,6,910093,MTKGPS*08
,,,,
18,53,7,532093,MTKGPS*08
,,,,
18,53,8,154092,MTKGPS*08
,,,,
18,53,8,776093,MTKGPS*08
,,,,
18,53,9,398093,MTKGPS*08
,,,,
18,53,10,20095,MTKGPS*08
,,,,
Initializing GPS
18,41,0,189811,,,,,
18,41,0,839094,,,,,
Initializing GPS
18,41,0,133531,,,,,
18,41,0,742614,,,,,
18,41,1,260091,,,,,
18,41,1,779095,,,,,
18,41,2,293095,,,,,
18,41,2,807095,,,,,
18,41,3,321092,,,,,
18,41,3,848092,,,,,
18,41,4,468092,,,,,
18,41,4,985092,,,,,
18,41,5,499093,,,,,
18,41,6,12090,,,,,
18,41,6,529092,,,,,
18,41,7,47091,,,,,
18,41,7,559446,,,,,
18,41,8,134092,,,,,
18,41,8,651093,,,,,
18,41,9,165092,,,,,
18,41,9,679090,,,,,
18,41,10,193092,,,,,
18,41,10,705076,,,,,
18,41,11,220094,,,,,
18,41,11,737094,,,,,
18,41,12,252093,,,,,
18,41,12,766094,,,,,
18,41,13,280094,,,,,
18,41,13,794092,,,,,
18,41,14,310094,,,,,
18,41,14,824093,,,,,
18,41,15,341092,,,,,
18,41,15,859091,,,,,
18,41,16,373092,,,,,
18,41,16,887091,,,,,
18,41,17,401091,,,,,
18,41,17,915091,,,,,
18,41,18,453094,,,,,
18,41,19,75088,,,,,
18,41,19,695091,,,,,
18,41,20,315096,,,,,
18,41,20,939091,,,,,
18,41,21,559092,,,,,
18,41,22,76091,,,,,
18,41,22,590094,,,,,
18,41,23,104091,,,,,
18,41,23,618092,,,,,
18,41,24,132092,,,,,
18,41,24,646092,,,,,
18,41,25,196093,,,,,
18,41,25,821091,,,,,
18,41,26,338092,,,,,
18,41,26,852090,,,,,
18,41,27,366090,,,,,
18,41,27,886093,,,,,
18,41,28,398087,,,,,
18,41,28,912096,,,,,
18,41,29,430094,,,,,
18,41,29,944092,,,,,
18,41,30,461092,,,,,
18,41,30,975092,,,,,
18,41,31,489094,,,,,
18,41,32,3094,,,,,
18,41,32,517093,,,,,
18,41,33,113094,,,,,
18,41,33,733094,,,,,
18,41,34,353092,,,,,
18,41,34,868092,,,,,
18,41,35,383094,,,,,
18,41,35,897094,,,,,
18,41,36,411094,,,,,
18,41,36,926091,,,,,
18,41,37,440091,,,,,
18,41,37,990091,,,,,
18,41,38,610092,,,,,
18,41,39,230092,,,,,
18,41,39,850092,,,,,
18,41,40,472092,,,,,
18,41,41,96094,,,,,
18,41,41,716094,,,,,
18,41,42,336094,,,,,
18,41,42,956093,,,,,
18,41,43,576094,,,,,
18,41,44,196091,,,,,
18,41,44,816095,,,,,
18,41,45,442105,,,,,
18,41,46,62093,,,,,
18,41,46,682094,,,,,
18,41,47,199091,,,,,
18,41,47,713094,,,,,
18,41,48,227091,,,,,
18,41,48,741094,,,,,
18,41,49,255093,,,,,
18,41,49,769091,,,,,
18,41,50,291091,,,,,
18,41,50,805093,,,,,
18,41,51,319090,,,,,
18,41,51,835090,,,,,
18,41,52,350091,,,,,
18,41,52,861007,,,,,
18,41,53,375092,,,,,
18,41,53,892091,,,,,
18,41,54,406092,,,,,
18,41,54,928097,,,,,
18,41,55,442091,,,,,
18,41,55,956095,,,,,
18,41,56,470092,,,,,
18,41,56,999093,,,,,
18,41,57,519092,,,,,
18,41,58,30449,,,,,
18,41,58,546091,,,,,
18,41,59,60092,,,,,
18,41,59,575094,,,,,
18,42,0,87473,,,,,
18,42,0,681090,,,,,
18,42,1,195094,,,,,
18,42,1,709095,,,,,
18,42,2,223091,,,,,
18,42,2,737095,,,,,
18,42,3,251094,,,,,
18,42,3,765092,,,,,
18,42,4,362093,,,,,
Initializing GPS
18,41,0,118045,,,,,
18,41,0,730716,,,,,
18,41,1,244092,,,,,
18,41,1,757091,,,,,
18,41,2,271091,,,,,
18,41,2,786094,,,,,
18,41,3,299092,,,,,
18,41,3,816092,,,,,
18,41,4,330092,,,,,
18,41,4,844094,,,,,
18,41,5,359094,,,,,
18,41,5,873091,,,,,
18,41,6,390744,,,,,
18,41,6,902439,,,,,
18,41,7,497091,,,,,
18,41,8,116093,,,,,
18,41,8,736091,,,,,
18,41,9,356092,,,,,
18,41,9,976092,,,,,
18,41,10,493097,,,,,
18,41,11,7093,,,,,
18,41,11,521093,,,,,
18,41,12,35091,,,,,
18,41,12,549092,,,,,
18,41,13,68092,,,,,
18,41,13,618089,,,,,
18,41,14,140095,,,,,
18,41,14,651453,,,,,
18,41,15,166092,,,,,
18,41,15,680092,,,,,
18,41,16,200091,,,,,
18,41,16,714093,,,,,
18,41,17,264094,,,,,
18,41,17,888092,,,,,
18,41,18,405092,,,,,
18,41,18,919094,,,,,
18,41,19,433092,,,,,
18,41,19,947092,,,,,
18,41,20,461092,,,,,
18,41,20,975092,,,,,
18,41,21,525094,,,,,
18,41,22,145091,,,,,
18,41,22,701091,,,,,
18,41,23,215092,,,,,
18,41,23,729092,,,,,
18,41,24,243092,,,,,
18,41,24,757092,,,,,
18,41,25,271089,,,,,
18,41,25,785090,,,,,
18,41,26,413091,,,,,
18,41,27,35094,,,,,
Initializing GPS
18,41,0,134552,,,,,
18,41,0,792093,,,,,
18,41,1,410093,,,,,
18,41,1,929095,,,,,
18,41,2,443093,,,,,
18,41,2,957095,,,,,
18,41,3,471093,,,,,
18,41,3,985095,,,,,
18,41,4,499095,,,,,
18,41,5,49096,,,,,
18,41,5,669096,,,,,
18,41,6,289095,,,,,
18,41,6,819093,,,,,
18,41,7,333095,,,,,
18,41,7,847092,,,,,
18,41,8,361094,,,,,
18,41,8,875094,,,,,
18,41,9,389094,,,,,
18,41,9,915813,,,,,
18,41,10,542095,,,,,
18,41,11,162093,,,,,
18,41,11,782094,,,,,
18,41,12,402094,,,,,
18,41,13,22097,,,,,
18,41,13,642095,,,,,
Initializing GPS
18,41,0,274007,,,,,
18,41,0,924094,,,,,
18,41,1,441094,,,,,
Initializing GPS
18,41,0,272554,,,,,
18,41,0,820090,,,,,
18,41,1,334092,,,,,
18,41,1,851092,,,,,
18,41,2,373091,,,,,
18,41,2,896091,,,,,
18,41,3,417091,,,,,
18,41,3,932055,,,,,
18,41,4,447092,,,,,
18,41,4,961092,,,,,
18,41,5,475092,,,,,
18,41,5,989090,,,,,
18,41,6,503093,,,,,
18,41,7,17092,,,,,
18,41,7,535092,,,,,
18,41,8,44599,,,,,
18,41,8,559094,,,,,
18,41,9,73092,,,,,
18,41,9,590093,,,,,
18,41,10,104092,,,,,
18,41,10,632094,,,,,
18,41,11,234091,,,,,
18,41,11,749092,,,,,
18,41,12,263093,,,,,
18,41,12,779092,,,,,
18,41,13,293091,,,,,
18,41,13,807092,,,,,
18,41,14,321091,,,,,
18,41,14,894090,,,,,
18,41,15,411090,,,,,
18,41,15,924091,,,,,
18,41,16,438091,,,,,
18,41,16,951637,,,,,
18,41,17,466092,,,,,
18,41,17,980092,,,,,
18,41,18,497092,,,,,
18,41,19,11094,,,,,
18,41,19,525092,,,,,
18,41,20,39094,,,,,
18,41,20,553093,,,,,
18,41,21,67093,,,,,
18,41,21,585091,,,,,
18,41,22,187090,,,,,
18,41,22,709093,,,,,
18,41,23,231079,,,,,
18,41,23,747055,,,,,
18,41,24,262092,,,,,
18,41,24,776089,,,,,
18,41,25,290089,,,,,
18,41,25,846089,,,,,
18,41,26,374093,,,,,
18,41,26,887886,,,,,
18,41,27,402092,,,,,
18,41,27,916092,,,,,
18,41,28,430092,,,,,
18,41,28,944093,,,,,
18,41,29,494093,,,,,
18,41,30,113092,,,,,
18,41,30,733094,,,,,
18,41,31,353091,,,,,
18,41,31,973091,,,,,
18,41,32,593092,,,,,
18,41,33,146091,,,,,
18,41,33,661093,,,,,
18,41,34,176092,,,,,
18,41,34,691093,,,,,
18,41,35,206092,,,,,
18,41,35,720092,,,,,
18,41,36,234092,,,,,
18,41,36,834091,,,,,
18,41,37,348092,,,,,
18,41,37,862092,,,,,
18,41,38,376092,,,,,
18,41,38,892092,,,,,
18,41,39,406091,,,,,
18,41,39,921089,,,,,
18,41,40,495089,,,,,
18,41,41,118092,,,,,
18,41,41,635091,,,,,
18,41,42,149091,,,,,
18,41,42,667093,,,,,
18,41,43,183074,,,,,
18,41,43,698093,,,,,
18,41,44,212095,,,,,
18,41,44,762094,,,,,
18,41,45,279093,,,,,
18,41,45,793091,,,,,
18,41,46,310092,,,,,
18,41,46,824091,,,,,
18,41,47,338089,,,,,
18,41,47,852089,,,,,
18,41,48,369089,,,,,
18,41,48,884090,,,,,
18,41,49,396047,,,,,
18,41,49,910093,,,,,
18,41,50,424093,,,,,
18,41,50,938090,,,,,
18,41,51,452090,,,,,
18,41,52,51089,,,,,
18,41,52,571095,,,,,
18,41,53,85091,,,,,
18,41,53,599092,,,,,
18,41,54,113074,,,,,
18,41,54,641091,,,,,
18,41,55,155091,,,,,
18,41,55,705090,,,,,
18,41,56,327092,,,,,
18,41,56,950092,,,,,
18,41,57,573094,,,,,
18,41,58,193092,,,,,
18,41,58,813093,,,,,
18,41,59,433092,,,,,
18,41,59,950091,,,,,
18,42,0,483092,,,,,
Initializing GPS
18,41,0,118728,,,,,
18,41,0,663085,,,,,
18,41,1,180705,,,,,
18,41,1,690447,,,,,
Initializing GPS
18,41,0,117931,,,,,
18,41,0,774092,,,,,
18,41,1,392093,,,,,
18,41,2,14095,,,,,
18,41,2,632094,,,,,
18,41,3,250093,,,,,
Initializing GPS
18,41,0,284584,,,,,
18,41,0,834084,,,,,
18,41,1,347090,,,,,
18,41,1,866079,,,,,
18,41,2,382051,,,,,
18,41,2,897092,,,,,
18,41,3,411092,,,,,
18,41,3,961092,,,,,
Initializing GPS
18,41,0,133455,,,,,
18,41,0,796093,,,,,
18,41,1,414092,,,,,
18,41,2,32095,,,,,
18,41,2,650093,,,,,
18,41,3,268093,,,,,
18,41,3,888093,,,,,
18,41,4,513095,,,,,
Initializing GPS
18,41,0,133133,,,,,
18,41,0,775091,,,,,
18,41,1,287098,,,,,
18,41,1,801092,,,,,
18,41,2,325091,,,,,
Initializing GPS
18,41,0,277217,,,,,
18,41,0,828081,,,,,
18,41,1,343090,,,,,
18,41,1,865091,,,,,
18,41,2,380055,,,,,
18,41,2,896093,,,,,
18,41,3,410093,,,,,
Initializing GPS
Initializing GPS
18,41,0,279309,,,,,
18,41,0,895092,,,,,
18,41,1,413094,,,,,
18,41,1,927093,,,,,
Initializing GPS
18,41,0,275021,,,,,
18,41,0,830093,,,,,
18,41,1,342092,,,,,
18,41,1,863092,,,,,
18,41,2,375450,,,,,
18,41,2,890093,,,,,
18,41,3,404092,,,,,
18,41,3,921092,,,,,
18,41,4,435090,,,,,
18,41,4,949089,,,,,
Initializing GPS
Initializing GPS
Initializing GPS
18,41,0,271827,,,,,
Initializing GPS
18,41,0,271540,,,,,
18,41,0,923090,,,,,
18,41,1,541094,,,,,
18,41,2,159092,,,,,
18,41,2,777092,,,,,
18,41,3,395093,,,,,
18,41,4,15094,,,,,
18,41,4,635094,,,,,
18,41,5,260093,,,,,
18,41,5,880091,,,,,
18,41,6,500092,,,,,
18,41,7,120092,,,,,
18,41,7,740092,,,,,
18,41,8,360093,,,,,
18,41,8,980093,,,,,
18,41,9,600095,,,,,
18,41,10,220091,,,,,
18,41,10,846092,,,,,
Initializing GPS
18,41,0,270363,,,,,
18,41,0,922094,,,,,
Initializing GPS
18,41,0,272647,,,,,
18,41,0,924093,,,,,
18,41,1,542094,,,,,
18,41,2,160093,,,,,
18,41,2,778091,,,,,
18,41,3,396096,,,,,
18,41,4,16094,,,,,
18,41,4,636092,,,,,
18,41,5,256093,,,,,
18,41,5,876092,,,,,
Initializing GPS
18,41,0,131348,,,,,
18,41,0,789092,,,,,
18,41,1,407092,,,,,
18,41,2,25094,,,,,
18,41,2,643093,,,,,
18,41,3,263092,,,,,
18,41,3,883093,,,,,
18,41,4,503093,,,,,
18,41,5,123094,,,,,
18,41,5,743094,,,,,
18,41,6,363096,,,,,
18,41,6,983093,,,,,
18,41,7,603093,,,,,
18,41,8,223092,,,,,
18,41,8,847094,,,,,
18,41,9,468092,,,,,
18,41,10,89092,,,,,
18,41,10,709093,,,,,
18,41,11,329091,,,,,
18,41,11,949094,,,,,
18,41,12,569095,,,,,
18,41,13,189091,,,,,
18,41,13,815093,,,,,
18,41,14,436091,,,,,
18,41,15,56095,,,,,
18,41,15,676096,,,,,
18,41,16,296091,,,,,
18,41,16,916091,,,,,
18,41,17,536093,,,,,
18,41,18,156091,,,,,
18,41,18,776092,,,,,
18,41,19,398092,,,,,
18,41,20,18094,,,,,
18,41,20,638095,,,,,
18,41,21,258093,,,,,
18,41,21,880094,,,,,
18,41,22,501094,,,,,
18,41,23,122091,,,,,
18,41,23,742093,,,,,
18,41,24,368092,,,,,
Initializing GPS
18,41,0,267340,,,,,
18,41,0,919093,,,,,
18,41,1,436092,,,,,
18,41,1,950094,,,,,
18,41,2,464092,,,,,
18,41,2,978093,,,,,
18,41,3,492093,,,,,
18,41,4,6092,,,,,
18,41,4,561092,,,,,
18,41,5,181094,,,,,
18,41,5,801094,,,,,
18,41,6,421094,,,,,
18,41,7,41096,,,,,
18,41,7,663094,,,,,
18,41,8,283093,,,,,
18,41,8,903094,,,,,
18,41,9,523094,,,,,
18,41,10,145096,,,,,
18,41,10,765094,,,,,
18,41,11,385092,,,,,
18,41,12,6095,,,,,
18,41,12,627095,,,,,
18,41,13,247092,,,,,
18,41,13,867094,,,,,
18,41,14,489094,,,,,
18,41,15,109092,,,,,
Initializing GPS
18,41,0,266630,,,,,
18,41,0,919092,,,,,
18,41,1,494093,,,,,
18,41,2,8096,,,,,
18,41,2,522093,,,,,
18,41,3,36093,,,,,
18,41,3,550093,,,,,
18,41,4,64093,,,,,
18,41,4,580094,,,,,
18,41,5,177093,,,,,
18,41,5,797093,,,,,
18,41,6,417094,,,,,
18,41,7,37094,,,,,
18,41,7,657095,,,,,
18,41,8,280093,,,,,
18,41,8,900096,,,,,
18,41,9,520096,,,,,
18,41,10,140092,,,,,
18,41,10,762094,,,,,
18,41,11,382093,,,,,
18,41,12,2096,,,,,
18,41,12,622094,,,,,
18,41,13,245093,,,,,
18,41,13,865093,,,,,
18,41,14,485096,,,,,
18,41,15,109092,,,,,
18,41,15,729093,,,,,
18,41,16,349092,,,,,
18,41,16,971096,,,,,
18,41,17,592095,,,,,
18,41,18,212093,,,,,
18,41,18,832092,,,,,
18,41,19,452096,,,,,
18,41,20,72094,,,,,
18,41,20,697094,,,,,
18,41,21,317093,,,,,
Initializing GPS
18,41,0,269019,,,,,
18,41,0,930093,,,,,
18,41,1,447092,,,,,
18,41,1,961094,,,,,
18,41,2,475090,,,,,
18,41,2,989091,,,,,
18,41,3,503091,,,,,
18,41,4,17091,,,,,
18,41,4,567092,,,,,
18,41,5,187092,,,,,
18,41,5,808092,,,,,
18,41,6,430092,,,,,
18,41,7,50094,,,,,
18,41,7,670096,,,,,
18,41,8,290093,,,,,
18,41,8,910092,,,,,
18,41,9,530096,,,,,
18,41,10,150091,,,,,
18,41,10,701092,,,,,
18,41,11,215094,,,,,
18,41,11,729094,,,,,
18,41,12,243091,,,,,
18,41,12,757093,,,,,
Initializing GPS
18,41,0,270047,,,,,
18,41,0,923094,,,,,
18,41,1,440093,,,,,
18,41,1,954091,,,,,
18,41,2,468055,,,,,
18,41,2,982092,,,,,
18,41,3,496093,,,,,
18,41,4,10094,,,,,
Initializing GPS
18,41,0,268726,,,,,
18,41,0,927093,,,,,
Initializing GPS
18,41,0,284812,,,,,
18,41,0,901089,,,,,
18,41,1,421087,,,,,
18,41,1,932449,,,,,
18,41,2,449092,,,,,
18,41,2,963092,,,,,
18,41,3,477092,,,,,
18,41,4,27094,,,,,
18,41,4,649093,,,,,
18,41,5,269092,,,,,
18,41,5,889093,,,,,
18,41,6,509094,,,,,
18,41,7,129092,,,,,
18,41,7,749095,,,,,
18,41,8,371093,,,,,
18,41,8,991093,,,,,
18,41,9,611094,,,,,
18,41,10,233092,,,,,
18,41,10,853093,,,,,
18,41,11,473092,,,,,
18,41,12,96093,,,,,
Initializing GPS
18,41,0,270878,,,,,
18,41,0,922093,,,,,
Initializing GPS
18,41,0,269669,,,,,
18,41,0,923092,,,,,
Initializing GPS
18,41,0,132039,,,,,
Initializing GPS
18,41,0,135520,,,,,
Initializing GPS
18,41,0,263059,,,,,
18,41,0,815091,,,,,
18,41,1,332093,,,,,
18,41,1,844055,,,,,
18,41,2,360093,,,,,
18,41,2,874093,,,,,
18,41,3,388096,,,,,
18,41,3,938092,,,,,
18,41,4,472092,,,,,
18,41,4,986091,,,,,
18,41,5,500092,,,,,
18,41,6,14094,,,,,
18,41,6,528833,,,,,
18,41,7,43096,,,,,
18,41,7,569092,,,,,
18,41,8,190091,,,,,
18,41,8,810092,,,,,
18,41,9,434092,,,,,
18,41,10,54093,,,,,
18,41,10,674093,,,,,
Initializing GPS
18,41,0,272669,,,,,
Initializing GPS
18,41,0,263223,,,,,
18,41,0,917093,,,,,
18,41,1,535094,,,,,
18,41,2,153094,,,,,
Initializing GPS
Initializing GPS
18,41,0,271597,,,,,
Initializing GPS
18,41,0,266259,,,,,
18,41,0,921092,,,,,
Initializing GPS
18,41,0,266751,,,,,
Initializing GPS
18,41,0,266921,,,,,
18,41,0,920092,,,,,
18,41,1,538094,,,,,
Initializing GPS
18,41,0,132167,,,,,
18,41,0,789093,,,,,
18,41,1,387094,,,,,
Initializing GPS
18,41,0,263033,,,,,
Initializing GPS
18,41,0,279607,,,,,
18,41,0,891091,,,,,
18,41,1,417088,,,,,
18,41,1,937091,,,,,
Initializing GPS
18,41,0,131730,,,,,
18,41,0,789092,,,,,
18,41,1,390094,,,,,
Initializing GPS
18,41,0,270165,,,,,
18,41,0,921091,,,,,
Initializing GPS
18,41,0,133484,,,,,
18,41,0,814093,,,,,
Initializing GPS
18,41,0,268542,,,,,
Initializing GPS
18,41,0,265716,,,,,
18,41,0,910090,,,,,
18,41,1,528095,,,,,
Initializing GPS
18,41,0,132693,,,,,
Initializing GPS
18,41,0,275338,,,,,
18,41,0,925093,,,,,
Initializing GPS
18,41,0,272701,,,,,
Initializing GPS
18,41,0,276757,,,,,
Initializing GPS
18,41,0,338222,,,,,
Initializing GPS
18,41,0,270673,,,,,
18,41,0,820092,,,,,
18,41,1,334092,,,,,
18,41,1,853080,,,,,
18,41,2,364004,,,,,
18,41,2,878091,,,,,
18,41,3,392093,,,,,
18,41,3,909093,,,,,
18,41,4,426092,,,,,
18,41,4,940091,,,,,
18,41,5,454091,,,,,
18,41,5,968091,,,,,
18,41,6,482090,,,,,
18,41,6,995090,,,,,
18,41,7,508090,,,,,
18,41,8,25034,,,,,
18,41,8,539093,,,,,
18,41,9,53095,,,,,
18,41,9,567096,,,,,
18,41,10,81095,,,,,
18,41,10,595094,,,,,
18,41,11,109091,,,,,
18,41,11,628095,,,,,
18,41,12,142093,,,,,0
18,41,12,656091,,,,,0
18,41,13,170092,,,,,0
18,41,13,691091,,,,,0
18,41,14,205092,,,,,0
18,41,14,722090,,,,,0
18,41,15,241093,,,,,
18,41,15,756967,1,,,,
18,41,16,271093,1,,,,
18,41,16,785092,1,,,,
18,41,17,302095,1,,,,
18,41,17,816093,1,,,,
18,41,18,334093,1,,,,
18,41,18,848094,1,,,,
18,41,19,362092,1,,,,
18,41,19,876091,1,,,,
18,41,20,405093,1,,,,
18,41,20,922090,1,,,,
18,41,21,440090,1,,,,
18,41,21,954091,1,,,,
18,41,22,474149,1,,,,
18,41,22,986075,1,,,,
18,41,23,500093,1,,,,
18,41,24,17094,1,,,,
18,41,24,531094,1,,,,
18,41,25,48095,1,,,,
18,41,25,562094,1,,,,
18,41,26,76093,1,,,,
18,41,26,593093,1,,,,
18,41,27,110093,MTKGPS*08
,,,,
18,41,27,624094,MTKGPS*08
,,,,
18,41,28,138091,MTKGPS*08
,,,,
18,41,28,655090,MTKGPS*08
,,,,
18,41,29,172005,MTKGPS*08
,,,,
18,41,29,687091,MTKGPS*08
,,,,
18,41,30,201094,MTKGPS*08
,,,,
18,41,30,715094,MTKGPS*08
,,,,
18,41,31,232091,MTKGPS*08
,,,,
18,41,31,752091,MTKGPS*08
,,,,
18,41,32,273080,MTKGPS*08
,,,,
18,41,32,785446,MTKGPS*08
,,,,
18,41,33,304092,MTKGPS*08
,,,,
18,41,33,818092,MTKGPS*08
,,,,
18,41,34,332091,MTKGPS*08
,,,,
18,41,34,846091,MTKGPS*08
,,,,
18,41,35,443093,MTKGPS*08
,,,,
18,41,36,1094,MTKGPS*08
,,,,
18,41,36,515092,MTKGPS*08
,,,,
18,41,37,29092,MTKGPS*08
,,,,
18,41,37,543091,MTKGPS*08
,,,,
18,41,38,56092,MTKGPS*08
,,,,
18,41,38,570093,MTKGPS*08
,,,,
18,41,39,82009,MTKGPS*08
,,,,
18,41,39,703095,MTKGPS*08
,,,,
18,41,40,220091,MTKGPS*08
,,,,
18,41,40,734092,MTKGPS*08
,,,,
Initializing GPS
18,41,0,270882,,,,,
18,41,0,822092,,,,,
18,41,1,339095,,,,,
18,41,1,853091,,,,,
18,41,2,375091,,,,,
18,41,2,897091,,,,,
18,41,3,419093,,,,,
18,41,3,947091,,,,,
18,41,4,466092,,,,,
18,41,4,986080,,,,,
18,41,5,497446,,,,,
18,41,6,11093,,,,,
18,41,6,528093,,,,,
18,41,7,42092,,,,,
18,41,7,556089,,,,,
18,41,8,80092,,,,,
18,41,8,591946,,,,,
18,41,9,111092,,,,,
18,41,9,627094,,,,,
18,41,10,141092,,,,,
18,41,10,655092,,,,,
18,41,11,169091,,,,,
18,41,11,686092,,,,,
18,41,12,200091,,,,,
18,41,12,714091,,,,,
18,41,13,228091,,,,,
18,41,13,750091,V,,,,
18,41,14,264092,V,,,,
18,41,14,781090,V,,,,
18,41,15,295089,V,,,,
18,41,15,819093,V,,,,
18,41,16,333650,V,,,,
18,41,16,850094,V,,,,
18,41,17,365095,V,,,,
18,41,17,879094,V,,,,
18,41,18,396092,V,,,,
18,41,18,910094,V,,,,
18,41,19,424094,V,,,,
18,41,19,938093,V,,,,
18,41,20,452091,V,,,,
18,41,20,966090,V,,,,
18,41,21,495092,V,,,,
18,41,22,13091,V,,,,
18,41,22,527089,V,,,,
18,41,23,45090,V,,,,
18,41,23,560034,V,,,,
18,41,24,74094,V,,,,
18,41,24,588093,V,,,,
18,41,25,139092,V,,,,
18,41,25,763092,V,,,,
18,41,26,383094,V,,,,
18,41,27,3094,V,,,,
18,41,27,623095,V,,,,
18,41,28,140092,V,,,,
18,41,28,654093,V,,,,
18,41,29,168091,V,,,,
18,41,29,682092,V,,,,
18,41,30,196091,V,,,,
18,41,30,710091,V,,,,
18,41,31,228091,V,,,,
18,41,31,745091,V,,,,
18,41,32,259092,V,,,,
18,41,32,775091,V,,,,
18,41,33,289089,V,,,,
18,41,33,808092,V,,,,
18,41,34,325839,V,,,,
18,41,34,842094,V,,,,
18,41,35,361094,V,,,,
18,41,35,876092,V,,,,
18,41,36,390092,V,,,,
18,41,36,904094,V,,,,
18,41,37,419092,MTKGPS*08
,,,,
18,41,37,936115,MTKGPS*08
,,,,
18,41,38,450093,MTKGPS*08
,,,,
18,41,39,70091,MTKGPS*08
,,,,
18,41,39,587094,MTKGPS*08
,,,,
18,41,40,101091,MTKGPS*08
,,,,
18,41,40,615092,MTKGPS*08
,,,,
18,41,41,129092,MTKGPS*08
,,,,
18,41,41,643091,MTKGPS*08
,,,,
18,41,42,163094,MTKGPS*08
,,,,
18,41,42,714094,MTKGPS*08
,,,,
18,41,43,231094,MTKGPS*08
,,,,
18,41,43,745055,MTKGPS*08
,,,,
18,41,44,260091,MTKGPS*08
,,,,
18,41,44,774094,MTKGPS*08
,,,,
18,41,45,288092,MTKGPS*08
,,,,
18,41,45,802092,MTKGPS*08
,,,,
18,41,46,357092,MTKGPS*08
,,,,
18,41,46,979091,MTKGPS*08
,,,,
18,41,47,599094,MTKGPS*08
,,,,
18,41,48,219092,MTKGPS*08
,,,,
18,41,48,793093,MTKGPS*08
,,,,
18,41,49,307091,MTKGPS*08
,,,,
18,41,49,821092,MTKGPS*08
,,,,
18,41,50,335092,MTKGPS*08
,,,,
18,41,50,849092,MTKGPS*08
,,,,
18,41,51,363091,MTKGPS*08
,,,,
18,41,51,877092,MTKGPS*08
,,,,
18,41,52,394092,MTKGPS*08
,,,,
18,41,52,908091,MTKGPS*08
,,,,
18,41,53,422091,MTKGPS*08
,,,,
18,41,53,935587,MTKGPS*08
,,,,
18,41,54,450092,MTKGPS*08
,,,,
18,41,54,967092,MTKGPS*08
,,,,
18,41,55,496092,MTKGPS*08
,,,,
18,41,56,116092,MTKGPS*08
,,,,
18,41,56,634092,MTKGPS*08
,,,,
18,41,57,148091,MTKGPS*08
,,,,
18,41,57,662094,MTKGPS*08
,,,,
18,41,58,176091,MTKGPS*08
,,,,
18,41,58,690092,MTKGPS*08
,,,,
18,41,59,204091,MTKGPS*08
,,,,
18,41,59,754092,MTKGPS*08
,,,,
18,42,0,374092,MTKGPS*08
,,,,
18,42,0,994091,MTKGPS*08
,,,,
18,42,1,620093,MTKGPS*08
,,,,
18,42,2,137091,MTKGPS*08
,,,,
18,42,2,651092,MTKGPS*08
,,,,
18,42,3,165091,MTKGPS*08
,,,,
18,42,3,679092,MTKGPS*08
,,,,
18,42,4,197091,MTKGPS*08
,,,,
18,42,4,711092,MTKGPS*08
,,,,
18,42,5,261091,MTKGPS*08
,,,,
18,42,5,881092,MTKGPS*08
,,,,
18,42,6,502094,MTKGPS*08
,,,,
18,42,7,122092,MTKGPS*08
,,,,
18,42,7,742094,MTKGPS*08
,,,,
18,42,8,362092,MTKGPS*08
,,,,
18,42,8,982092,MTKGPS*08
,,,,
18,42,9,602094,MTKGPS*08
,,,,
18,42,10,119091,MTKGPS*08
,,,,
18,42,10,633092,MTKGPS*08
,,,,
18,42,11,147093,MTKGPS*08
,,,,
18,42,11,662092,MTKGPS*08
,,,,
18,42,12,176093,MTKGPS*08
,,,,
18,42,12,690092,MTKGPS*08
,,,,
18,42,13,211092,MTKGPS*08
,,,,
18,42,13,725092,MTKGPS*08
,,,,
18,42,14,239091,MTKGPS*08
,,,,
18,42,14,753091,MTKGPS*08
,,,,
18,42,15,267089,MTKGPS*08
,,,,
18,42,15,781087,MTKGPS*08
,,,,
18,42,16,312092,MTKGPS*08
,,,,
18,42,16,909092,MTKGPS*08
,,,,
18,42,17,529096,MTKGPS*08
,,,,
18,42,18,84092,MTKGPS*08
,,,,
18,42,18,598094,MTKGPS*08
,,,,
18,42,19,112092,MTKGPS*08
,,,,
18,42,19,626094,MTKGPS*08
,,,,
18,42,20,140091,MTKGPS*08
,,,,
18,42,20,654091,MTKGPS*08
,,,,
18,42,21,171092,MTKGPS*08
,,,,
18,42,21,799092,MTKGPS*08
,,,,
18,42,22,317091,MTKGPS*08
,,,,
18,42,22,831092,MTKGPS*08
,,,,
18,42,23,345092,MTKGPS*08
,,,,
18,42,23,859092,MTKGPS*08
,,,,
18,42,24,375091,MTKGPS*08
,,,,
18,42,24,892091,MTKGPS*08
,,,,
18,42,25,415091,MTKGPS*08
,,,,
18,42,25,929090,MTKGPS*08
,,,,
18,42,26,442771,MTKGPS*08
,,,,
18,42,26,953632,MTKGPS*08
,,,,
18,42,27,468092,MTKGPS*08
,,,,
18,42,27,983094,MTKGPS*08
,,,,
18,42,28,497094,MTKGPS*08
,,,,
18,42,29,14094,MTKGPS*08
,,,,
18,42,29,528094,MTKGPS*08
,,,,
18,42,30,44095,MTKGPS*08
,,,,
18,42,30,561094,MTKGPS*08
,,,,
18,42,31,76095,MTKGPS*08
,,,,
18,42,31,590094,MTKGPS*08
,,,,
18,42,32,107090,MTKGPS*08
,,,,
18,42,32,621092,MTKGPS*08
,,,,
18,42,33,138091,MTKGPS*08
,,,,
18,42,33,652092,MTKGPS*08
,,,,
18,42,34,165914,MTKGPS*08
,,,,
18,42,34,680092,MTKGPS*08
,,,,
18,42,35,194092,MTKGPS*08
,,,,
18,42,35,708094,MTKGPS*08
,,,,
18,42,36,225092,MTKGPS*08
,,,,
18,42,36,742092,MTKGPS*08
,,,,
18,42,37,256092,MTKGPS*08
,,,,
18,42,37,770094,MTKGPS*08
,,,,
18,42,38,287090,MTKGPS*08
,,,,
18,42,38,803092,MTKGPS*08
,,,,
18,42,39,325092,MTKGPS*08
,,,,
18,42,39,837446,MTKGPS*08
,,,,
18,42,40,379195,MTKGPS*08
,,,,
18,42,40,894446,MTKGPS*08
,,,,
18,42,41,408091,MTKGPS*08
,,,,
18,42,41,922090,MTKGPS*08
,,,,
18,42,42,436036,MTKGPS*08
,,,,
18,42,42,950092,MTKGPS*08
,,,,
18,42,43,464094,MTKGPS*08
,,,,
18,42,43,981094,MTKGPS*08
,,,,
18,42,44,498093,MTKGPS*08
,,,,
18,42,45,12094,MTKGPS*08
,,,,
18,42,45,526094,MTKGPS*08
,,,,
18,42,46,40092,MTKGPS*08
,,,,
18,42,46,557094,MTKGPS*08
,,,,
18,42,47,74091,MTKGPS*08
,,,,
18,42,47,588091,MTKGPS*08
,,,,
18,42,48,102092,MTKGPS*08
,,,,
18,42,48,615092,MTKGPS*08
,,,,
18,42,49,129089,MTKGPS*08
,,,,
18,42,49,643087,MTKGPS*08
,,,,
18,42,50,158092,MTKGPS*08
,,,,
18,42,50,675092,MTKGPS*08
,,,,
18,42,51,189094,MTKGPS*08
,,,,
18,42,51,703092,MTKGPS*08
,,,,
18,42,52,217093,MTKGPS*08
,,,,
18,42,52,731092,MTKGPS*08
,,,,
18,42,53,245094,MTKGPS*08
,,,,
18,42,53,772091,MTKGPS*08
,,,,
18,42,54,289092,MTKGPS*08
,,,,
18,42,54,809091,MTKGPS*08
,,,,
18,42,55,323091,MTKGPS*08
,,,,
18,42,55,837094,MTKGPS*08
,,,,
18,42,56,351090,MTKGPS*08
,,,,
18,42,56,865089,MTKGPS*08
,,,,
18,42,57,381905,MTKGPS*08
,,,,
18,42,57,917090,MTKGPS*08
,,,,
18,42,58,431094,MTKGPS*08
,,,,
18,42,58,945092,MTKGPS*08
,,,,
18,42,59,459093,MTKGPS*08
,,,,
18,42,59,973092,MTKGPS*08
,,,,
18,43,0,487092,MTKGPS*08
,,,,
18,43,1,1096,MTKGPS*08
,,,,
18,43,1,518094,MTKGPS*08
,,,,
18,43,2,36095,MTKGPS*08
,,,,
18,43,2,555092,MTKGPS*08
,,,,
18,43,3,76092,MTKGPS*08
,,,,
18,43,3,598091,MTKGPS*08
,,,,
18,43,4,112056,MTKGPS*08
,,,,
18,43,4,626091,MTKGPS*08
,,,,
18,43,5,248092,MTKGPS*08
,,,,
18,43,5,802092,MTKGPS*08
,,,,
18,43,6,316091,MTKGPS*08
,,,,
18,43,6,830092,MTKGPS*08
,,,,
18,43,7,344092,MTKGPS*08
,,,,
18,43,7,868091,MTKGPS*08
,,,,
18,43,8,380455,MTKGPS*08
,,,,
18,43,8,897092,MTKGPS*08
,,,,
18,43,9,415092,MTKGPS*08
,,,,
18,43,9,930091,MTKGPS*08
,,,,
18,43,10,445091,MTKGPS*08
,,,,
18,43,10,959092,MTKGPS*08
,,,,
18,43,11,474091,MTKGPS*08
,,,,
18,43,11,990092,MTKGPS*08
,,,,
18,43,12,541094,MTKGPS*08
,,,,
18,43,13,163091,MTKGPS*08
,,,,
18,43,13,680133,MTKGPS*08
,,,,
18,43,14,194092,MTKGPS*08
,,,,
18,43,14,708091,MTKGPS*08
,,,,
18,43,15,222092,MTKGPS*08
,,,,
18,43,15,736092,MTKGPS*08
,,,,
18,43,16,250092,MTKGPS*08
,,,,
18,43,16,767091,MTKGPS*08
,,,,
18,43,17,283093,MTKGPS*08
,,,,
18,43,17,795008,MTKGPS*08
,,,,
18,43,18,309092,MTKGPS*08
,,,,
18,43,18,823092,MTKGPS*08
,,,,
18,43,19,337094,MTKGPS*08
,,,,
18,43,19,851092,MTKGPS*08
,,,,
18,43,20,370093,MTKGPS*08
,,,,
18,43,20,884094,MTKGPS*08
,,,,
18,43,21,398092,MTKGPS*08
,,,,
18,43,21,912092,MTKGPS*08
,,,,
18,43,22,426094,MTKGPS*08
,,,,
18,43,22,940092,MTKGPS*08
,,,,
18,43,23,457092,MTKGPS*08
,,,,
18,43,23,971092,MTKGPS*08
,,,,
18,43,24,485089,MTKGPS*08
,,,,
18,43,25,91,MTKGPS*08
,,,,
18,43,25,514092,MTKGPS*08
,,,,
18,43,26,28091,MTKGPS*08
,,,,
18,43,26,545092,MTKGPS*08
,,,,
18,43,27,65094,MTKGPS*08
,,,,
18,43,27,579095,MTKGPS*08
,,,,
18,43,28,93093,MTKGPS*08
,,,,
18,43,28,614092,MTKGPS*08
,,,,
18,43,29,130092,MTKGPS*08
,,,,
18,43,29,650091,MTKGPS*08
,,,,
18,43,30,177091,MTKGPS*08
,,,,
18,43,30,696973,MTKGPS*08
,,,,
18,43,31,217091,MTKGPS*08
,,,,
18,43,31,740078,MTKGPS*08
,,,,
18,43,32,257452,MTKGPS*08
,,,,
18,43,32,775846,MTKGPS*08
,,,,
18,43,33,291092,MTKGPS*08
,,,,
18,43,33,808092,MTKGPS*08
,,,,
18,43,34,323093,MTKGPS*08
,,,,
18,43,34,839092,MTKGPS*08
,,,,
18,43,35,354092,MTKGPS*08
,,,,
18,43,35,868092,MTKGPS*08
,,,,
18,43,36,382091,MTKGPS*08
,,,,
18,43,36,900093,MTKGPS*08
,,,,
18,43,37,417092,MTKGPS*08
,,,,
18,43,37,934092,MTKGPS*08
,,,,
18,43,38,449090,MTKGPS*08
,,,,
18,43,38,963089,MTKGPS*08
,,,,
18,43,39,477091,MTKGPS*08
,,,,
18,43,39,991034,MTKGPS*08
,,,,
18,43,40,511093,MTKGPS*08
,,,,
18,43,41,25094,MTKGPS*08
,,,,
18,43,41,542094,MTKGPS*08
,,,,
18,43,42,56094,MTKGPS*08
,,,,
18,43,42,570094,MTKGPS*08
,,,,
18,43,43,84094,MTKGPS*08
,,,,
18,43,43,598094,MTKGPS*08
,,,,
18,43,44,112092,MTKGPS*08
,,,,
18,43,44,629091,MTKGPS*08
,,,,
18,43,45,145091,MTKGPS*08
,,,,
18,43,45,660091,MTKGPS*08
,,,,
18,43,46,175091,MTKGPS*08
,,,,
18,43,46,689091,MTKGPS*08
,,,,
18,43,47,204092,MTKGPS*08
,,,,
18,43,47,716009,MTKGPS*08
,,,,
18,43,48,239091,MTKGPS*08
,,,,
18,43,48,753093,MTKGPS*08
,,,,
18,43,49,267094,MTKGPS*08
,,,,
18,43,49,784094,MTKGPS*08
,,,,
18,43,50,298091,V,,,,
18,43,50,812093,V,,,,
18,43,51,331091,V,,,,
18,43,51,845092,V,,,,
18,43,52,359091,V,,,,
18,43,52,873091,V,,,,
18,43,53,387092,MTKGPS*08
,,,,
18,43,53,901085,MTKGPS*08
,,,,
18,43,54,418085,MTKGPS*08
,,,,
18,43,54,935092,MTKGPS*08
,,,,
18,43,55,448727,MTKGPS*08
,,,,
18,43,55,971091,MTKGPS*08
,,,,
18,43,56,481026,MTKGPS*08
,,,,
18,43,56,996104,MTKGPS*08
,,,,
18,43,57,510094,MTKGPS*08
,,,,
18,43,58,24092,MTKGPS*08
,,,,
18,43,58,645094,MTKGPS*08
,,,,
18,43,59,162091,MTKGPS*08
,,,,
18,43,59,676094,MTKGPS*08
,,,,
18,44,0,190092,MTKGPS*08
,,,,
18,44,0,704092,MTKGPS*08
,,,,
18,44,1,218091,MTKGPS*08
,,,,
18,44,1,732091,MTKGPS*08
,,,,
18,44,2,249091,MTKGPS*08
,,,,
18,44,2,769091,MTKGPS*08
,,,,
18,44,3,288093,MTKGPS*08
,,,,
18,44,3,802089,MTKGPS*08
,,,,
18,44,4,314631,MTKGPS*08
,,,,
18,44,4,831094,MTKGPS*08
,,,,
18,44,5,347092,MTKGPS*08
,,,,
18,44,5,864094,MTKGPS*08
,,,,
18,44,6,378094,MTKGPS*08
,,,,
18,44,6,892092,MTKGPS*08
,,,,
18,44,7,406094,MTKGPS*08
,,,,
18,44,7,923091,MTKGPS*08
,,,,
18,44,8,437091,MTKGPS*08
,,,,
18,44,8,954092,MTKGPS*08
,,,,
18,44,9,468091,MTKGPS*08
,,,,
18,44,9,982091,MTKGPS*08
,,,,
18,44,10,496090,MTKGPS*08
,,,,
18,44,11,10090,MTKGPS*08
,,,,
18,44,11,528090,MTKGPS*08
,,,,
18,44,12,41007,MTKGPS*08
,,,,
18,44,12,564092,MTKGPS*08
,,,,
18,44,13,81092,MTKGPS*08
,,,,
18,44,13,595094,MTKGPS*08
,,,,
18,44,14,109092,MTKGPS*08
,,,,
18,44,14,623092,MTKGPS*08
,,,,
18,44,15,139092,MTKGPS*08
,,,,
18,44,15,654092,MTKGPS*08
,,,,
18,44,16,169092,MTKGPS*08
,,,,
18,44,16,687092,MTKGPS*08
,,,,
18,44,17,201094,MTKGPS*08
,,,,
18,44,17,715091,MTKGPS*08
,,,,
18,44,18,229092,MTKGPS*08
,,,,
18,44,18,742091,MTKGPS*08
,,,,
18,44,19,260792,MTKGPS*08
,,,,
18,44,19,774641,MTKGPS*08
,,,,
18,44,20,288092,MTKGPS*08
,,,,
18,44,20,802093,MTKGPS*08
,,,,
18,44,21,316092,MTKGPS*08
,,,,
18,44,21,830090,V,,,,
18,44,22,344090,V,,,,
18,44,22,858091,V,,,,
18,44,23,375091,V,,,,
18,44,23,892092,V,,,,
18,44,24,406092,V,,,,
18,44,24,920092,V,,,,
18,44,25,434092,V,,,,
18,44,25,948091,V,,,,
18,44,26,464791,V,,,,
18,44,26,979108,V,,,,
18,44,27,521092,V,,,,
18,44,28,45090,V,,,,
18,44,28,558003,V,,,,
18,44,29,72093,V,,,,
18,44,29,586092,V,,,,
18,44,30,100091,V,,,,
18,44,30,620094,V,,,,
18,44,31,134091,V,,,,
18,44,31,693091,V,,,,
18,44,32,208092,V,,,,
18,44,32,722091,V,,,,
18,44,33,236092,V,,,,
18,44,33,750092,V,,,,
18,44,34,267090,V,,,,
18,44,34,781089,V,,,,
18,44,35,295090,V,,,,
18,44,35,809090,V,,,,
18,44,36,323094,V,,,,
18,44,36,837092,V,,,,
18,44,37,352092,V,,,,
18,44,37,869092,V,,,,
18,44,38,383092,V,,,,
18,44,38,897094,V,,,,
18,44,39,411092,V,,,,
18,44,39,926094,V,,,,
18,44,40,440092,V,,,,
18,44,40,991091,V,,,,
18,44,41,613091,V,,,,
18,44,42,167091,V,,,,
18,44,42,687091,V,,,,
18,44,43,201092,V,,,,
18,44,43,715092,V,,,,
18,44,44,234092,V,,,,
18,44,44,748091,V,,,,
18,44,45,262092,V,,,,
18,44,45,779089,V,,,,
18,44,46,292034,V,,,,
18,44,46,806092,V,,,,
18,44,47,320094,V,,,,
18,44,47,834094,V,,,,
18,44,48,348092,V,,,,
18,44,48,870092,V,,,,
18,44,49,384092,V,,,,
18,44,49,898094,V,,,,
18,44,50,415094,V,,,,
18,44,50,929091,MTKGPS*08
,,,,
18,44,51,446089,MTKGPS*08
,,,,
18,44,51,960092,MTKGPS*08
,,,,
18,44,52,477089,MTKGPS*08
,,,,
18,44,52,991090,MTKGPS*08
,,,,
18,44,53,513089,MTKGPS*08
,,,,
18,44,54,27070,MTKGPS*08
,,,,
18,44,54,541091,MTKGPS*08
,,,,
18,44,55,55095,MTKGPS*08
,,,,
18,44,55,572092,MTKGPS*08
,,,,
18,44,56,86092,MTKGPS*08
,,,,
18,44,56,600094,MTKGPS*08
,,,,
18,44,57,127090,MTKGPS*08
,,,,
18,44,57,639459,MTKGPS*08
,,,,
18,44,58,154092,MTKGPS*08
,,,,
18,44,58,668092,MTKGPS*08
,,,,
18,44,59,185092,MTKGPS*08
,,,,
18,44,59,699091,MTKGPS*08
,,,,
18,45,0,213092,MTKGPS*08
,,,,
18,45,0,727091,MTKGPS*08
,,,,
18,45,1,241089,MTKGPS*08
,,,,
18,45,1,752746,MTKGPS*08
,,,,
18,45,2,270092,MTKGPS*08
,,,,
18,45,2,787093,MTKGPS*08
,,,,
18,45,3,301092,MTKGPS*08
,,,,
18,45,3,815092,MTKGPS*08
,,,,
18,45,4,329092,MTKGPS*08
,,,,
18,45,4,843092,MTKGPS*08
,,,,
18,45,5,357093,MTKGPS*08
,,,,
18,45,5,874092,MTKGPS*08
,,,,
18,45,6,389054,MTKGPS*08
,,,,
18,45,6,903091,MTKGPS*08
,,,,
18,45,7,417092,MTKGPS*08
,,,,
18,45,7,931090,MTKGPS*08
,,,,
18,45,8,445090,MTKGPS*08
,,,,
18,45,8,968093,MTKGPS*08
,,,,
18,45,9,483971,MTKGPS*08
,,,,
18,45,9,999091,MTKGPS*08
,,,,
18,45,10,517094,MTKGPS*08
,,,,
18,45,11,31091,MTKGPS*08
,,,,
18,45,11,545092,MTKGPS*08
,,,,
18,45,12,59091,MTKGPS*08
,,,,
18,45,12,576094,MTKGPS*08
,,,,
18,45,13,90092,MTKGPS*08
,,,,
18,45,13,604095,MTKGPS*08
,,,,
18,45,14,118091,MTKGPS*08
,,,,
18,45,14,632092,MTKGPS*08
,,,,
18,45,15,146091,MTKGPS*08
,,,,
18,45,15,660091,MTKGPS*08
,,,,
18,45,16,177089,MTKGPS*08
,,,,
18,45,16,689553,MTKGPS*08
,,,,
18,45,17,203092,MTKGPS*08
,,,,
18,45,17,717092,MTKGPS*08
,,,,
18,45,18,231094,MTKGPS*08
,,,,
18,45,18,750094,MTKGPS*08
,,,,
18,45,19,264092,MTKGPS*08
,,,,
18,45,19,865092,MTKGPS*08
,,,,
18,45,20,379092,MTKGPS*08
,,,,
18,45,20,893092,MTKGPS*08
,,,,
18,45,21,407091,MTKGPS*08
,,,,
18,45,21,921092,MTKGPS*08
,,,,
18,45,22,435092,MTKGPS*08
,,,,
18,45,22,949091,MTKGPS*08
,,,,
18,45,23,466092,MTKGPS*08
,,,,
18,45,23,980095,MTKGPS*08
,,,,
18,45,24,497094,MTKGPS*08
,,,,
18,45,25,9456,MTKGPS*08
,,,,
18,45,25,526092,MTKGPS*08
,,,,
18,45,26,40091,MTKGPS*08
,,,,
18,45,26,560091,MTKGPS*08
,,,,
18,45,27,184092,MTKGPS*08
,,,,
18,45,27,701091,MTKGPS*08
,,,,
18,45,28,215090,MTKGPS*08
,,,,
18,45,28,729095,MTKGPS*08
,,,,
18,45,29,243092,MTKGPS*08
,,,,
18,45,29,757092,MTKGPS*08
,,,,
18,45,30,271091,MTKGPS*08
,,,,
18,45,30,822091,MTKGPS*08
,,,,
18,45,31,342092,MTKGPS*08
,,,,
18,45,31,856090,MTKGPS*08
,,,,
18,45,32,370092,MTKGPS*08
,,,,
18,45,32,883091,MTKGPS*08
,,,,
18,45,33,396032,MTKGPS*08
,,,,
18,45,33,912091,MTKGPS*08
,,,,
18,45,34,429092,MTKGPS*08
,,,,
18,45,34,946091,MTKGPS*08
,,,,
18,45,35,460004,MTKGPS*08
,,,,
18,45,35,980092,MTKGPS*08
,,,,
18,45,36,495091,MTKGPS*08
,,,,
18,45,37,9094,MTKGPS*08
,,,,
18,45,37,523093,MTKGPS*08
,,,,
18,45,38,121091,MTKGPS*08
,,,,
18,45,38,743092,MTKGPS*08
,,,,
18,45,39,365092,MTKGPS*08
,,,,
18,45,39,986092,MTKGPS*08
,,,,
18,45,40,608094,MTKGPS*08
,,,,
18,45,41,232092,MTKGPS*08
,,,,
18,45,41,854093,MTKGPS*08
,,,,
18,45,42,476092,MTKGPS*08
,,,,
18,45,43,98092,MTKGPS*08
,,,,
18,45,43,720095,MTKGPS*08
,,,,
18,45,44,342092,MTKGPS*08
,,,,
18,45,44,966094,MTKGPS*08
,,,,
18,45,45,588096,MTKGPS*08
,,,,
18,45,46,209094,MTKGPS*08
,,,,
18,45,46,830093,MTKGPS*08
,,,,
18,45,47,451091,MTKGPS*08
,,,,
Initializing GPS
18,41,0,196704,,,,,
18,41,0,751092,,,,,
18,41,1,265082,,,,,
18,41,1,785088,,,,,
18,41,2,297447,,,,,
18,41,2,816093,,,,,
18,41,3,330093,,,,,
18,41,3,847093,,,,,
18,41,4,361093,,,,,
18,41,4,875093,,,,,
18,41,5,389092,,,,,
18,41,5,903092,,,,,
18,41,6,417093,,,,,
18,41,6,931090,,,,,
18,41,7,529095,,,,,
18,41,8,103093,,,,,
18,41,8,617091,,,,,
18,41,9,136093,,,,,
18,41,9,650091,,,,,
18,41,10,176104,,,,,
18,41,10,689632,,,,,
18,41,11,204093,,,,,
18,41,11,801093,,,,,
18,41,12,421092,,,,,
18,41,13,41094,,,,,
18,41,13,661094,,,,,
18,41,14,261093,,,,,
18,41,14,775093,,,,,
18,41,15,289092,,,,,
18,41,15,803093,,,,,
18,41,16,317093,,,,,
18,41,16,837092,,,,,
18,41,17,351093,,,,,
18,41,17,924092,,,,,
18,41,18,544094,,,,,
18,41,19,61092,,,,,
18,41,19,575094,,,,,
18,41,20,90092,,,,,
18,41,20,604093,,,,,
18,41,21,118094,,,,,
18,41,21,637091,,,,,
18,41,22,154090,,,,,
18,41,22,671041,,,,,
18,41,23,185093,,,,,
18,41,23,699094,,,,,
18,41,24,213094,,,,,
18,41,24,727094,,,,,
18,41,25,241093,,,,,
18,41,25,838094,,,,,
18,41,26,464094,,,,,
18,41,27,84093,,,,,
18,41,27,704094,,,,,
18,41,28,326093,,,,,
18,41,28,843093,,,,,
18,41,29,357093,,,,,
18,41,29,871092,,,,,
18,41,30,385093,,,,,
18,41,30,899092,,,,,
18,41,31,418093,,,,,
18,41,31,935092,,,,,
18,41,32,449092,,,,,
18,41,32,963090,,,,,
18,41,33,477090,,,,,
18,41,34,93,,,,,
18,41,34,509943,,,,,
18,41,35,24095,,,,,
18,41,35,556096,,,,,
18,41,36,70093,,,,,
18,41,36,584094,,,,,
18,41,37,98093,,,,,
18,41,37,612094,,,,,
18,41,38,126095,,,,,
18,41,38,640093,,,,,
18,41,39,240093,,,,,
18,41,39,754093,,,,,
18,41,40,268093,,,,,
18,41,40,786092,,,,,
18,41,41,300093,,,,,
18,41,41,813092,,,,,
18,41,42,325080,,,,,
18,41,42,908092,,,,,
18,41,43,422094,,,,,
18,41,43,936094,,,,,
18,41,44,450092,,,,,
18,41,44,965094,,,,,
18,41,45,482094,,,,,
18,41,45,996092,,,,,
18,41,46,569095,,,,,
18,41,47,189093,,,,,
18,41,47,809093,,,,,
18,41,48,429095,,,,,
18,41,48,950093,,,,,
18,41,49,467092,,,,,
18,41,49,981093,,,,,
18,41,50,495093,,,,,
18,41,51,12094,,,,,
18,41,51,526095,,,,,
18,41,52,76092,,,,,
18,41,52,696093,,,,,
18,41,53,213095,,,,,
18,41,53,727092,,,,,
18,41,54,241093,,,,,
18,41,54,755091,,,,,
18,41,55,272093,,,,,
18,41,55,786090,,,,,
18,41,56,336093,,,,,
18,41,56,853090,,,,,
18,41,57,367090,,,,,
18,41,57,881095,,,,,
18,41,58,395094,,,,,
18,41,58,909093,,,,,
18,41,59,423093,,,,,
18,41,59,973092,,,,,
18,42,0,490093,,,,,
18,42,1,4095,,,,,
18,42,1,529094,,,,,
18,42,2,43095,,,,,
18,42,2,557094,,,,,
18,42,3,70094,,,,,
18,42,3,620092,,,,,
18,42,4,226093,,,,,
18,42,4,740092,,,,,
18,42,5,254093,,,,,
18,42,5,768092,,,,,
18,42,6,288093,,,,,
18,42,6,800454,,,,,
18,42,7,314094,,,,,
18,42,7,831093,,,,,
18,42,8,345094,,,,,
18,42,8,863093,,,,,
18,42,9,377091,,,,,
18,42,9,889854,,,,,
18,42,10,408084,,,,,
18,42,10,920447,,,,,
18,42,11,465092,,,,,
18,42,11,986092,,,,,
18,42,12,497443,,,,,
18,42,13,14092,,,,,
18,42,13,528090,,,,,
18,42,14,42090,,,,,
18,42,14,596090,,,,,
18,42,15,217091,,,,,
18,42,15,837092,,,,,
18,42,16,457093,,,,,
18,42,17,77092,,,,,
18,42,17,697094,,,,,
18,42,18,317093,,,,,
18,42,18,937093,,,,,
18,42,19,560094,,,,,
18,42,20,78095,,,,,
18,42,20,592095,,,,,
18,42,21,106093,,,,,
18,42,21,623104,,,,,
18,42,22,137124,,,,,
18,42,22,652093,,,,,
18,42,23,202092,,,,,
18,42,23,828093,,,,,
18,42,24,448093,,,,,
18,42,25,68092,,,,,
18,42,25,688093,,,,,
18,42,26,308093,,,,,
18,42,26,928093,,,,,
18,42,27,548095,,,,,
18,42,28,168095,,,,,
18,42,28,788096,,,,,
18,42,29,416094,,,,,
18,42,30,36093,,,,,
18,42,30,656094,,,,,
18,42,31,276095,,,,,
18,42,31,896093,,,,,
18,42,32,516094,,,,,
18,42,33,137094,,,,,
18,42,33,654094,,,,,
18,42,34,168092,,,,,
18,42,34,682092,,,,,
18,42,35,196094,,,,,
18,42,35,710093,,,,,
18,42,36,224093,,,,,
18,42,36,741092,,,,,
18,42,37,258093,,,,,
18,42,37,772090,,,,,
18,42,38,287090,,,,,
18,42,38,802036,,,,,
18,42,39,320092,,,,,
18,42,39,834096,,,,,
18,42,40,432094,,,,,
18,42,41,56096,,,,,
18,42,41,610096,,,,,
18,42,42,124095,,,,,
18,42,42,638096,,,,,
18,42,43,154092,,,,,
18,42,43,668094,,,,,
18,42,44,182092,,,,,
18,42,44,696093,,,,,
18,42,45,318093,,,,,
18,42,45,940093,,,,,
18,42,46,563094,,,,,
18,42,47,80093,,,,,
18,42,47,594093,,,,,
18,42,48,108093,,,,,
18,42,48,622093,,,,,
18,42,49,139090,,,,,
18,42,49,653092,,,,,
18,42,50,204093,,,,,
18,42,50,825093,,,,,
18,42,51,447093,,,,,
18,42,52,69094,,,,,
18,42,52,692096,,,,,
18,42,53,314092,,,,,
18,42,53,892093,,,,,
18,42,54,409093,,,,,
18,42,54,923093,,,,,
18,42,55,437093,,,,,
18,42,55,951093,,,,,
18,42,56,471093,,,,,
18,42,56,986092,,,,,
18,42,57,585094,,,,,
18,42,58,208092,,,,,
18,42,58,835093,,,,,
18,42,59,414093,,,,,
18,42,59,931092,,,,,
18,43,0,446093,,,,,
18,43,0,963092,,,,,
18,43,1,478093,,,,,
18,43,1,993092,,,,,
18,43,2,508094,,,,,
18,43,3,107092,,,,,
18,43,3,733093,,,,,
18,43,4,251093,,,,,
18,43,4,767092,,,,,
18,43,5,282093,,,,,
18,43,5,797090,,,,,
18,43,6,327092,,,,,
18,43,6,842468,,,,,
Initializing GPS
18,41,0,148098,,,,,
18,41,0,769087,,,,,
18,41,1,291092,,,,,
18,41,1,807003,,,,,
18,41,2,323093,,,,,
18,41,2,840093,,,,,
18,41,3,355093,,,,,
18,41,3,906092,,,,,
18,41,4,527093,,,,,
18,41,5,148093,,,,,
18,41,5,702093,,,,,
18,41,6,217092,,,,,
18,41,6,732094,,,,,
18,41,7,247092,,,,,
18,41,7,762091,,,,,
18,41,8,277093,,,,,
18,41,8,792091,,,,,
18,41,9,393093,,,,,
18,41,9,914093,,,,,
18,41,10,429091,,,,,
18,41,10,944093,,,,,
18,41,11,459091,,,,,
18,41,11,974090,,,,,
18,41,12,489035,,,,,
18,41,13,66093,,,,,
18,41,13,687094,,,,,
18,41,14,308093,,,,,
18,41,14,929093,,,,,
18,41,15,552095,,,,,
18,41,16,73094,,,,,
18,41,16,591093,,,,,
18,41,17,107094,,,,,
18,41,17,623093,,,,,
18,41,18,139093,,,,,
18,41,18,655094,,,,,
18,41,19,173093,,,,,
18,41,19,688091,,,,,
18,41,20,203091,,,,,
18,41,20,718090,,,,,
18,41,21,233090,,,,,
18,41,21,747984,,,,,
18,41,22,261062,,,,,
18,41,22,823972,,,,,
18,41,23,340093,,,,,
18,41,23,858093,,,,,
18,41,24,374091,,,,,
18,41,24,889093,,,,,
18,41,25,404094,,,,,
18,41,25,932094,,,,,
18,41,26,553095,,,,,
18,41,27,174093,,,,,
18,41,27,795094,,,,,
18,41,28,326093,,,,,
18,41,28,841093,,,,,
18,41,29,359093,,,,,
18,41,29,874091,,,,,
18,41,30,389093,,,,,
18,41,30,904093,,,,,
18,41,31,432093,,,,,
18,41,31,953093,,,,,
18,41,32,494091,,,,,
18,41,33,9091,,,,,
18,41,33,524091,,,,,
18,41,34,39090,,,,,
18,41,34,554090,,,,,
18,41,35,72094,,,,,
18,41,35,587094,,,,,
18,41,36,102093,,,,,
18,41,36,617094,,,,,
18,41,37,136093,,,,,
Initializing GPS
18,41,0,268837,,,,,
18,41,0,922092,,,,,
18,41,1,441093,,,,,
Initializing GPS
18,41,0,136981,,,,,
18,41,0,796093,,,,,
18,41,1,314092,,,,,
18,41,1,835090,,,,,
18,41,2,350092,,,,,
18,41,2,871053,,,,,
18,41,3,387093,,,,,
18,41,3,902092,,,,,
18,41,4,453092,,,,,
18,41,5,74092,,,,,
18,41,5,695093,,,,,
18,41,6,316092,,,,,
18,41,6,940095,,,,,
18,41,7,561093,,,,,
18,41,8,185091,,,,,
Initializing GPS
18,41,0,136651,,,,,
18,41,0,799093,,,,,
18,41,1,317092,,,,,
18,41,1,835091,,,,,
18,41,2,355094,,,,,
18,41,2,870091,,,,,
18,41,3,385091,,,,,
Initializing GPS
Initializing GPS
18,41,0,271124,,,,,
18,41,0,825095,,,,,
18,41,1,342095,,,,,
18,41,1,858092,,,,,
18,41,2,379080,,,,,
18,41,2,899091,,,,,
18,41,3,419080,,,,,
18,41,3,940169,,,,,
18,41,4,461093,,,,,
Initializing GPS
18,41,0,121018,,,,,
18,41,0,755092,,,,,
Initializing GPS
18,41,0,120472,,,,,
18,41,0,743090,,,,,
Initializing GPS
18,41,0,128267,,,,,
18,41,0,761090,,,,,
18,41,1,274007,,,,,
18,41,1,789094,,,,,
18,41,2,304091,,,,,
18,41,2,819093,,,,,
18,41,3,334091,,,,,
18,41,3,849090,,,,,
18,41,4,480092,,,,,
18,41,5,106092,,,,,
18,41,5,727094,,,,,
Initializing GPS
18,41,0,122677,,,,,
18,41,0,754092,,,,,
18,41,1,263636,,,,,
Initializing GPS
18,41,0,282394,,,,,
Initializing GPS
Initializing GPS
Initializing GPS
18,41,0,135687,,,,,
18,41,0,760093,,,,,
18,41,1,276054,,,,,
18,41,1,792094,,,,,
18,41,2,307091,,,,,
18,41,2,822092,,,,,
18,41,3,337092,,,,,
18,41,3,855091,,,,,
18,41,4,370092,,,,,
18,41,4,885094,,,,,
18,41,5,401090,,,,,
18,41,5,916091,,,,,
18,41,6,431091,,,,,
18,41,6,946089,,,,,
18,41,7,543091,,,,,
18,41,8,164090,,,,,
18,41,8,785092,,,,,
18,41,9,406091,,,,,
Initializing GPS
18,41,0,280402,,,,,
18,41,0,838092,,,,,
Initializing GPS
18,41,0,272201,,,,,
Initializing GPS
18,41,0,135910,,,,,
18,41,0,761093,,,,,
Initializing GPS
18,41,0,135673,,,,,
Initializing GPS
18,41,0,274055,,,,,
Initializing GPS
18,41,0,134228,,,,,
Initializing GPS
18,41,0,271409,,,,,
Initializing GPS
18,41,0,267162,,,,,
Initializing GPS
18,41,0,267821,,,,,
Initializing GPS
18,41,0,269266,,,,,
Initializing GPS
18,41,0,268938,,,,,
Initializing GPS
18,41,0,267563,,,,,
Initializing GPS
Initializing GPS
18,41,0,271680,,,,,
Initializing GPS
18,41,0,268504,,,,,
Initializing GPS
Initializing GPS
Initializing GPS
18,41,0,291062,,,,,
Initializing GPS
18,41,0,134538,,,,,
Initializing GPS
Initializing GPS
Initializing GPS
18,41,0,148277,,,,,
Initializing GPS
18,41,0,148067,,,,,
Initializing GPS
18,41,0,268729,,,,,
Initializing GPS
Initializing GPS
Initializing GPS
18,41,0,270896,,,,,
Initializing GPS
18,41,0,136369,,,,,
Initializing GPS
18,41,0,268661,,,,,
Initializing GPS
18,41,0,274721,,,,,
Initializing GPS
18,41,0,275045,,,,,
Initializing GPS
Initializing GPS
18,41,0,136815,,,,,
Initializing GPS
18,41,0,134856,,,,,
Initializing GPS
18,41,0,274082,,,,,
Initializing GPS
18,41,0,133757,,,,,
Initializing GPS
18,41,0,272096,,,,,
Initializing GPS
18,41,0,269541,,,,,
Initializing GPS
18,41,0,270820,,,,,
Initializing GPS
18,41,0,136336,,,,,
Initializing GPS
18,41,0,134643,,,,,
Initializing GPS
18,41,0,274896,,,,,
Initializing GPS
18,41,0,270811,,,,,
Initializing GPS
18,41,0,135725,,,,,
Initializing GPS
18,41,0,148723,,,,,
18,41,0,806094,,,,,
18,41,1,426094,,,,,
18,41,2,47095,,,,,
Initializing GPS
18,41,0,133558,,,,,
18,41,0,788091,,,,,
